,Sales
370473,6033
792487,0
335336,7449
617365,0
126323,4783
3548,7481
364954,8424
40121,0
98342,11546
302423,9283
512955,5739
398845,0
219016,3818
839516,7836
583347,7056
339610,5958
601574,8354
185934,8856
296301,4295
840230,6896
58697,7247
880714,4998
691157,6681
112560,3545
510141,13453
655271,0
940609,11392
939159,7352
14546,0
204099,0
578829,5978
680931,3933
1008216,6552
992569,5852
519067,2940
244889,9451
455318,3308
1016582,6900
749094,6610
672219,10053
166210,7003
703365,0
770296,8993
577276,5651
767607,8638
412556,8282
760286,4426
1006051,3399
613202,10197
674325,7420
462681,8360
998441,0
770739,0
942606,12232
196648,4484
333145,6043
973622,0
382569,5060
579476,3730
168082,5242
280974,12762
713562,0
509904,13322
511447,4815
875509,6800
87245,6468
120558,7465
950371,2432
918753,0
117187,8017
913902,5649
636832,9059
244130,7502
588201,5551
584230,0
633548,5772
1002923,4132
794517,13700
428273,11200
961654,0
648739,12052
403041,3734
298036,3828
578685,8425
584219,6815
124447,6849
713930,8878
1006321,4490
42457,5626
146607,6573
592047,7164
812941,9764
638213,4104
518940,0
240349,3801
28507,4523
505888,4832
1009885,6351
312475,7343
99102,5807
331242,5355
167626,0
118747,7040
708874,2640
422122,4336
655791,6996
23756,7617
203528,0
26805,3010
569133,0
69506,12940
922117,7440
758257,0
599443,10266
298275,5546
198484,4024
364381,9758
839649,11578
795245,4242
241372,0
69809,0
767457,8161
980151,10260
849945,0
88269,6901
740453,4314
184307,4909
562700,6641
558679,6378
378168,5388
410202,5932
766376,3699
697021,7369
446107,9449
285859,4654
14247,0
922529,6093
267499,7009
63522,7122
505498,3324
931174,11179
768795,4546
657338,9025
521160,7825
1006661,6167
565796,4906
852440,6294
255578,2947
452962,0
988194,5959
604554,6384
505833,4101
234949,9875
679759,9557
907323,0
128225,4682
895455,8163
722968,0
843668,0
712039,4071
370556,5822
155399,8211
267188,4740
674479,0
696700,7703
766047,3608
383701,8298
597107,3208
408332,7459
264800,0
687462,14600
350527,5902
296438,5120
146381,10597
953939,8702
885173,5421
2324,3485
474253,2726
718614,3923
934618,7805
129981,0
44458,0
670365,5858
961479,4280
177114,5036
655917,5470
443736,4281
142470,0
206954,11252
803022,0
604451,0
990593,9146
73065,10306
221834,9446
911271,7027
23021,6641
425317,0
855100,0
218990,3664
915557,3350
86446,0
41545,4145
548229,3997
266723,3881
977816,6033
640380,4588
933464,7102
787149,6235
862957,8142
925677,5626
685130,12461
389411,8167
951556,6988
813471,7404
149912,4909
342011,6790
215678,7210
814740,0
893008,6845
698867,0
633187,2682
734906,9228
625596,0
175326,0
437305,12724
950403,5108
970747,0
773530,0
706414,4486
262297,5669
79423,0
853711,8253
663325,12017
495130,17626
851901,4842
777159,6796
118972,0
618106,10881
310915,11812
395567,0
789994,2747
684952,14073
520524,7108
803689,5743
99563,3115
322746,9495
430740,4927
895600,7437
422435,0
661625,3176
82562,7303
970274,10487
583459,5784
479166,9772
859879,6556
559026,4446
297585,4129
104102,0
914460,6496
430102,4185
10274,0
934081,10073
152522,5644
795845,0
68951,0
274952,10076
338359,7180
112681,3858
1000621,7225
282648,5713
141455,5209
404637,0
347132,14031
861932,4377
147358,6228
144332,7351
353352,12121
315655,0
1029,6295
191555,4382
997373,9375
988534,8889
755129,5871
861029,4409
316465,8503
551026,6772
285889,2318
813562,6512
741712,8307
281603,9725
712929,5549
239905,8904
933031,0
744029,0
407294,6545
547156,4670
603121,8030
57280,7052
835649,0
921550,9184
511273,7343
251362,4789
1009962,7201
138821,0
196220,3992
696863,6517
456557,3358
117810,4818
907301,11266
810037,7748
513654,5124
145036,4913
159607,4877
969432,3163
524420,5811
642597,5785
351217,4838
494418,1677
90681,6619
591090,4321
786748,3817
311187,0
991809,7431
216366,5407
556849,6797
283603,7924
386687,4450
449537,0
889038,7710
945490,5113
483232,2167
998273,0
432220,12376
495731,10506
716529,7589
625081,8615
765875,2430
183369,5363
35997,4725
416231,4826
558928,5964
714785,7811
191950,7586
469773,9311
365812,11280
732808,0
676181,2584
599689,0
763444,6523
567836,4605
615257,8184
580892,5072
842022,5894
35673,2497
471949,9665
651763,6795
952658,5130
689380,4841
697879,5709
666418,5379
664538,7085
327479,0
839319,0
75572,2667
717013,10390
902042,7371
608402,7242
335338,6334
540957,9642
887640,10193
983961,10255
844717,9429
80359,1893
944803,3579
469405,9666
779852,5881
363279,5240
644820,3297
913028,3253
464747,0
261599,7520
656570,8084
416181,7362
568553,0
475160,4961
109463,8425
1016687,7038
1013178,4772
891853,7499
212747,4977
579565,4949
22896,13761
50636,7292
170160,4647
377904,11847
544073,6301
883396,3141
558833,6896
954736,6921
407930,5476
919912,4336
416583,3550
180432,0
432702,6054
778114,5201
582133,2853
730376,0
820188,4629
672573,7558
119714,7070
528304,11510
497257,0
607167,6805
329187,12361
551875,6052
851004,10443
587252,0
719688,5021
116522,6940
14320,6849
864972,8733
312012,5679
263189,0
288359,8075
794342,6873
910756,6020
718593,6745
363468,5047
398830,7852
730558,0
127266,6402
44178,0
524632,0
349601,8634
673264,4275
677068,0
155963,9022
578103,3675
43603,4766
149056,0
287463,6738
986136,0
640310,2545
852459,7471
180280,10534
819256,4540
830862,4698
534951,11219
332966,8672
1007583,7671
18126,8421
651119,5003
509558,0
28592,4886
178290,721
837372,5326
729945,0
490885,5262
473053,5018
47587,6023
869542,5677
729676,2980
973040,5636
261719,6450
905100,8137
164091,6164
79326,2641
102674,9094
764211,2998
405244,15276
625148,0
835258,4588
571725,5264
363769,4185
449829,9232
344923,4588
2093,4299
705080,4649
386298,6436
390430,6281
137797,3821
361437,4889
28719,2396
39100,5358
261948,11790
166666,3562
764693,0
40379,4449
710395,10092
978074,7246
579863,6478
190631,0
282872,6364
917748,0
904780,5796
926223,4084
786237,6085
390072,4573
972634,4899
117176,8160
980550,9885
985349,2575
834828,8008
541890,3565
404792,12279
792677,4747
154849,7740
481209,9118
129786,5206
600393,5798
774806,6014
489681,0
294512,1943
615893,5531
999450,6339
737023,7160
309033,6807
685140,6479
821975,0
422361,8162
793703,7036
641038,7017
122805,4010
617473,6751
13629,4762
948018,6959
373891,5594
678155,9509
402758,4511
76457,0
151371,0
264447,6055
567420,6602
418531,9019
767538,8912
442000,8311
122704,5514
988448,5331
496863,16980
398468,5397
848501,0
979590,4535
176553,5636
387779,2372
6453,7332
515264,4546
823267,0
870679,3195
203844,3625
808504,0
594492,5799
825851,5787
624805,5100
540964,8662
814221,8752
976039,7360
563026,8652
547580,5181
749571,4981
900481,3224
254394,5705
584384,3989
533369,0
343142,6728
168568,7411
286999,8978
105588,0
971057,0
330605,5067
316795,0
385603,12120
203894,4765
878830,10381
794400,7789
437935,3170
100783,4935
217056,5224
505756,5536
702079,6038
379441,10414
30713,6956
408068,13395
841177,4888
48751,0
218234,0
31134,8588
570183,12555
283940,5752
243293,5839
99918,6805
114320,5378
46537,7291
832144,10255
902992,4649
826605,5481
446708,0
715973,4430
439078,6562
853445,8138
203571,3825
812678,13684
699367,20017
84568,5540
173630,4055
16220,0
789435,7338
337828,7536
916285,4883
93835,4401
922313,4793
187322,10379
940985,9683
967414,6785
149290,5408
104070,0
915052,4457
10093,7138
354160,11812
222879,0
979825,4703
144625,6383
406700,5160
381799,0
31052,7930
235692,6115
48874,11713
697476,0
412340,9791
428764,11338
418463,13846
583730,6199
882955,3198
289981,6433
861295,6185
889027,0
183931,5144
951128,10763
298261,4510
580283,7236
952628,6939
101349,7705
419993,5108
210593,0
544700,4453
46810,8821
842006,9487
415052,8212
508184,3072
846732,6946
708286,5328
826756,2165
861240,0
657829,4589
736370,6944
735438,8808
519838,2543
852220,6887
842513,4416
135188,4628
853170,7193
515130,0
63889,9017
49567,0
554974,4888
385259,11053
560242,8577
152960,15208
59406,6642
175027,5311
113488,12302
618140,7081
587617,10539
848959,8174
328360,7025
364662,20249
572709,6527
161455,5957
90918,9066
429421,4875
531927,3542
612124,5176
28155,5830
622121,7849
555752,4997
968980,3449
580476,0
467913,15967
699043,11748
354273,13371
271735,8157
53996,6204
765342,4716
356441,0
780681,7027
279167,5561
621082,15948
335462,7079
143209,6482
626003,2546
163994,3808
774384,4713
635462,14312
983278,3031
218140,5693
558579,5305
533643,5276
435254,9190
174747,0
929767,7460
572213,5917
602665,0
676013,3747
429165,9615
409993,7698
46077,7150
959556,10885
177919,7386
963799,6313
430639,4704
389223,5431
461174,11086
599928,6431
643287,0
536092,6211
663656,9929
581069,5352
669924,5759
799917,12806
198692,0
128367,0
291620,4094
148497,4456
337070,5298
33535,10242
361936,4142
689466,0
973283,4950
327588,7487
37493,4001
48274,11237
87770,7615
271800,7688
538204,5300
314333,7101
808308,0
434564,8383
105268,7709
49947,2594
757503,5183
366858,4052
356881,3527
51032,7807
602434,0
788715,6767
661766,6429
618484,11342
323143,10396
650352,2403
813467,0
46950,5782
424911,0
617878,9714
388397,3426
696972,6493
908100,5850
765028,7544
953007,2221
503296,6251
428664,20705
172575,6965
841433,9330
370809,5067
292494,0
735198,8354
998467,7773
325439,11205
58268,10648
766574,2015
787961,6638
49702,3641
307404,9666
976243,6703
945141,3423
414237,7888
663241,10492
325870,9985
439527,12621
32926,10046
851772,6880
911927,6893
901481,6858
214365,5066
270748,0
650881,2676
514629,8029
922357,4981
147240,5152
994584,6526
535880,6945
76955,3609
229385,5915
832522,9088
379604,9768
368444,7048
568849,8410
266439,0
370688,5329
363832,4509
599306,6124
128804,0
300286,5506
97574,0
827018,5853
377884,0
430818,3522
395506,8671
393396,13519
899139,4146
659435,0
528383,10582
121932,4430
557000,5375
757914,6048
943179,8831
780043,4291
1009379,4063
811779,9308
717304,23549
403198,0
943258,0
384807,4831
32440,0
308598,6731
819742,1760
109067,6293
785160,10339
683638,5945
636302,6839
664350,7502
671386,8665
346277,16945
374924,6666
675478,5766
452375,7824
846526,4403
862887,10115
178109,4932
413783,7994
520549,0
924144,14920
393348,13149
171357,6393
427657,10220
897983,0
724879,6581
216735,0
60861,11822
693274,11924
461700,0
692143,8463
1001213,8322
93419,4123
1000595,9161
905255,5908
505219,4347
798164,15108
766855,20286
102689,7939
154222,3845
357947,0
823308,0
570910,10571
805560,6008
111945,4266
635934,17145
574467,8787
111379,7103
318809,6399
747866,5588
7965,6645
421963,6421
403877,0
528803,9028
423425,9654
1014730,6951
515680,0
927635,6485
771698,6254
58735,4159
131299,10881
699447,13602
832923,0
713881,0
663630,0
690119,2486
261205,6561
814567,11633
86562,14557
148299,8691
214273,5174
556770,3540
162028,9793
97829,7750
120182,4603
450346,8919
831879,10584
972609,7255
504307,5395
792408,9238
285918,4933
713471,0
956063,4342
913362,0
199006,6794
238255,21557
36084,5208
175601,12081
463410,4235
747107,9895
123784,3748
976430,5836
906785,8675
43291,4856
951695,6410
162884,5768
158938,5445
689839,5277
41702,0
103853,0
990248,3970
508750,2396
970243,0
1002918,7571
608485,0
396597,0
870855,3948
757240,7546
28581,0
769554,5568
386278,7007
775746,2768
192272,6899
947434,0
713231,7141
169208,4334
546256,11142
283957,7433
325266,0
974687,6623
180472,7397
889880,7311
697034,7416
468643,6442
456055,5414
434386,2212
930263,7769
809166,0
192085,3016
310422,5908
304523,8029
659513,5176
972733,5869
496066,0
348505,7372
626063,1696
498152,6492
994904,6949
898022,5615
694130,4018
654610,5687
654932,7118
62420,8063
435975,5801
507389,5343
905080,11627
829113,0
48199,4611
20872,6752
873149,3311
282598,6290
592625,7965
852455,6678
886167,6387
307376,8855
634459,8405
638666,6072
555397,0
955977,4307
931991,0
128853,4413
792860,7109
432634,0
560967,12913
47984,0
735163,11970
653462,6265
797437,3448
600292,7132
745964,6670
231343,0
214472,4761
178455,5488
53058,6127
628751,0
1009572,5866
182839,6645
489130,6919
871888,9788
994883,13433
25901,8473
539252,3393
14870,5040
589086,4940
435059,0
795694,0
340191,6842
1011438,7943
959077,6827
567026,0
965644,12287
688459,16055
600646,0
510915,5190
842428,6672
374610,0
1014349,0
340601,10007
242532,17881
592641,0
523124,12548
803642,0
365014,5497
321760,7887
256655,0
843425,7060
510929,6087
255502,4761
90278,4231
916329,5213
752026,12925
651684,4881
807170,0
410185,8411
748186,8425
334826,8377
650261,10832
961991,0
285415,0
470830,8197
783745,7262
14722,5320
172506,5543
194324,4423
194847,8182
931477,9344
586143,8320
685397,0
518639,0
893122,6830
410058,0
394963,9120
938199,1864
175159,3427
919858,5776
855859,8024
774629,6331
180428,7487
603669,7686
908566,0
441702,0
422116,6236
550243,8403
149890,0
893299,5637
120394,5120
158802,0
627929,5014
1007167,0
521211,0
66798,7596
280770,5652
346964,16953
462431,5977
707845,6196
53350,5353
707950,6820
938378,6994
63519,11304
14769,9629
62223,8095
915156,5465
152474,6932
76390,12314
945923,0
300598,6731
472032,0
391923,6341
378219,6331
442164,4446
946847,6819
829046,4102
694428,5961
493192,7692
379103,10845
278591,1303
128000,3337
967361,0
856528,5945
415559,5993
471347,5014
704303,5601
145450,0
871932,12869
582828,15005
368929,2074
401857,4805
961759,5877
545289,0
96635,8383
545704,9206
346974,12236
825628,8488
20494,4850
203968,3262
508840,3473
115636,3506
975499,0
428428,13546
930833,9747
755474,3316
632168,6814
366726,0
371366,6260
170030,0
690556,9128
118513,0
401172,4752
918400,4859
878814,0
208571,4629
406364,6312
554804,16900
708779,5664
941737,11271
468549,4559
949183,0
335,4094
941123,5007
592072,7150
114147,9852
852396,6224
888705,0
294728,6482
614262,1851
966759,6519
619973,3955
433998,6987
216986,2835
414164,6691
563111,5763
681404,3266
319069,7197
700650,7299
216039,6469
589974,5015
108078,0
973676,4032
591410,0
622107,8152
28522,6423
291553,6770
158861,5643
1010741,4315
750533,7030
866792,6190
956966,0
191392,3277
284579,4605
243304,6647
875975,6088
77358,5985
909157,3110
615238,13039
210791,8736
775660,3980
771256,6384
177095,4564
508352,2429
260951,4826
430781,5498
416915,6030
38481,5421
202531,6511
891703,8487
209124,3647
758982,5395
895727,13342
132716,0
574270,6211
612752,4879
866041,7386
532496,7911
601445,6914
887213,6537
288717,15508
782564,6311
428079,8744
642925,4616
814546,5777
175006,4148
931938,6825
641755,0
622129,11225
304604,11389
471869,5321
920649,0
867273,6673
815696,8156
641255,5522
913708,5541
568424,5901
546361,7121
166337,6246
414340,6768
890157,3243
471100,4973
435851,6476
310274,5007
98856,8605
557526,5756
990201,7241
277796,2687
610600,0
746506,9189
180783,5953
586222,9165
524044,7174
548395,0
173650,4586
479929,13337
907697,12885
377077,6784
464469,4790
988682,7122
558645,5795
801037,5749
74931,3948
607689,13887
3019,8825
273414,5861
270355,8189
652918,9278
260817,5245
997553,4385
290367,13679
640860,13061
245558,9889
985333,9649
517925,4515
566988,6338
261108,10771
799739,3216
810365,3316
625044,9639
400751,3524
276823,4187
280510,4877
932485,0
938276,1838
814716,0
510544,10318
973694,3918
641733,7345
248331,5523
229626,4093
440838,2636
310792,12872
612522,5424
107478,12836
1000205,9558
76203,15797
213045,3925
907398,9556
481930,0
565411,5611
965870,8822
376326,9479
152984,8234
946469,6571
441363,6833
376032,9241
129591,8195
681443,1938
840688,0
992489,3423
280174,5485
958195,0
727094,8337
705287,7601
571586,4558
163372,0
48356,7999
422873,0
405180,0
101067,4963
349769,14658
302886,10362
29247,3524
328155,0
614396,4153
280085,5218
685770,7988
444230,4353
375200,10237
733919,9870
654906,10021
168132,0
756913,9746
303197,0
850222,0
542252,15472
983805,8399
714818,8215
212688,3590
109073,9977
138248,4315
369624,7642
39456,0
695870,3547
118399,5650
231684,5164
729557,5703
551528,8830
449913,6444
560337,4856
871745,4966
66040,5774
105504,0
848220,3515
920834,6431
766246,3722
517331,5876
23134,6739
303585,3862
227097,7801
737470,5728
392880,7243
267012,7687
54250,9121
97414,6283
743620,17369
254363,7210
572226,6782
331942,6961
830686,4524
678531,9894
554174,21472
507258,0
996952,6015
641680,9933
137559,0
970556,10087
425666,10005
573923,0
837694,0
369537,3258
679300,5389
23777,4442
936282,8606
862236,5610
871182,10012
283674,10505
624333,5904
75167,3705
882478,4680
653407,6194
838347,14073
377085,7938
480128,8696
509856,12145
914876,9228
451814,4986
337421,8143
1014772,6405
185643,8166
732251,0
713025,6080
354882,11607
764196,0
42783,5716
895702,5906
143908,16375
777407,7202
570851,7581
114853,4801
298359,0
365938,9027
452071,9374
413498,2049
619891,2090
880098,5143
159106,6304
47034,9620
645763,9656
364323,10916
668589,8232
64994,0
930322,9212
682202,0
74766,11956
551698,9861
62075,6344
285274,7972
944869,0
191458,6823
267868,6038
663929,5454
430526,0
263955,7198
964114,6399
198947,3949
980627,9842
442081,8591
260060,5564
502439,5329
421845,7359
930260,12101
874428,10059
97171,8911
573676,7362
900036,4045
520581,8483
937800,2243
507850,4959
62761,9061
442414,6935
716210,11570
317137,9553
995945,14714
89281,5709
405465,8369
372148,0
427945,7472
538652,3937
288990,9293
827058,5490
151086,8377
334049,7170
538547,6424
889510,6602
931503,8534
820149,0
322597,8938
958091,0
489056,9066
58351,0
184777,6795
501789,7377
389587,8081
857370,3787
593205,0
516293,4229
671885,7999
60643,6499
826876,5491
15762,2790
390811,8394
14705,8976
239835,4799
505573,4806
61147,7499
588159,4555
84223,6016
561443,9428
715947,3062
638098,6855
436490,10530
911664,6153
847810,4799
473823,4580
291563,3879
867932,10774
108129,0
746308,16044
466577,8846
323887,7194
304293,11073
1011810,3915
177641,0
969229,3142
620153,3697
827897,16293
405860,9894
527187,6097
404935,10626
561942,7958
771530,6620
725267,7823
891764,5030
1013290,7362
866393,8505
903311,5608
686238,5287
344564,3777
898314,6903
849827,7372
65452,3452
592628,7428
156564,7248
913546,5166
51074,6886
975106,6133
50739,13707
553469,3351
453246,10093
875914,0
66517,5984
929892,9094
392732,8079
282121,5355
189891,4239
462099,7469
799526,6691
1001161,4249
837408,7033
382014,4077
985983,6436
845679,5246
844235,4888
1014260,14009
381801,4394
637536,5071
216376,3533
363302,3901
677929,8285
395138,8581
457268,13094
271452,7514
217806,3449
244102,9229
410140,7031
676780,8642
112348,10891
396990,4605
227723,17353
442695,3435
776050,3442
881388,0
515282,4003
936883,6450
612340,8287
997551,5128
824564,8336
303956,6582
918039,7828
604386,4118
647239,5235
816000,7704
861643,0
167156,10803
372676,0
500639,5395
746970,13455
302829,8930
25429,5063
69508,0
816056,7423
364679,6951
344283,5191
684135,7233
534448,14377
17924,6078
905290,8602
998290,4122
675139,0
410172,6049
688599,0
265767,5277
245624,8263
532680,4262
984010,10972
818613,7697
83810,4844
735899,6807
454561,7883
825828,6793
51640,0
955175,3927
758730,3923
586815,9943
662156,0
219837,3253
984210,9656
998782,5697
989233,10365
776781,7378
114200,8273
761509,11684
324456,6739
640445,0
922792,8532
92366,5969
48605,8296
701709,6888
583637,5901
659775,0
388649,3913
615960,2804
136152,9856
82009,0
918637,4214
533074,7503
171824,5171
801400,4448
986194,0
294595,0
659212,5073
173143,8493
598935,3806
643560,0
709925,9963
123932,8257
1005859,4657
916305,0
634894,16118
386120,10154
890500,3347
915271,5938
955571,7981
802938,0
1015406,21907
303782,4613
999868,5083
124639,10018
205623,3529
560643,12071
721954,6359
700721,6971
945613,5126
845323,7992
507673,3721
459686,5572
705683,6708
417466,0
285049,4501
765436,7360
198915,6971
461289,8402
222977,0
348465,7534
536440,6269
3273,10559
712573,0
891826,6783
994367,6310
596244,7601
464070,8855
894251,5484
654778,7786
108621,0
330867,7112
101273,5196
775258,0
623605,7820
617132,5470
814060,7813
706972,5178
306016,17699
269789,11425
767511,8378
230628,0
327473,5407
514813,8541
374887,6267
460628,3541
668822,5648
21304,6679
616949,6240
18765,4576
611104,6028
948724,5993
947226,10793
884815,9180
244750,11643
570803,10569
426697,0
837517,6672
237986,26263
313028,8271
995511,5988
722974,3645
639405,0
986818,6137
245942,0
979624,0
561710,9470
747629,7745
702329,5475
792413,6878
244890,8390
351048,8080
598694,3831
224285,6213
857322,6012
178426,972
219476,2183
490242,2052
979373,4002
953573,8755
174457,4618
171815,5617
254141,0
258174,5449
965587,7711
324343,12398
435694,4490
935226,16772
809291,0
897925,6948
408581,5699
158275,4675
86945,10426
898804,4786
173393,0
411354,5484
900757,4501
745521,0
501238,3956
72071,0
42808,6121
181924,3465
86175,7218
467234,21509
752072,7773
187582,3334
340588,0
819104,0
283779,10057
1000267,10652
703257,2738
859389,4590
521468,8630
2268,4098
628758,0
418529,8438
541851,4726
507751,4451
609335,3842
755589,9223
337981,7586
497929,0
936007,20310
563422,9367
533539,5171
855770,5192
982799,5644
294380,5829
802203,5402
346102,10836
791384,0
755669,0
127100,6958
279923,0
359437,6314
644117,0
950953,10393
578488,2142
615394,7985
384695,3965
858795,7868
397704,8551
122633,0
139595,0
671528,8267
381557,0
977705,0
925281,4963
786641,3490
778733,3834
975944,4458
805853,0
1004055,12523
121355,0
673481,7202
472408,4407
822491,0
839827,5346
665288,6831
323295,6068
661885,5810
594026,6573
867988,4502
2061,8155
453085,9304
970088,13796
621564,0
578996,1942
934450,6201
683235,2851
414652,6083
627767,0
510740,0
492663,6703
438148,7240
112058,8655
357823,4025
808844,5369
201581,0
344694,5292
425277,6151
523817,2461
408124,11790
219409,4912
877114,4942
466194,5538
842009,9264
497141,12339
189859,3986
524626,6949
60985,6297
135453,10045
934562,7259
425702,13763
614020,4819
429831,5140
28953,6429
652833,6263
873927,5732
846623,7226
937766,0
312820,7039
496923,0
229635,4103
61675,5881
601886,9580
247843,7972
483460,4278
420963,4972
49416,5627
743206,0
92792,6909
321769,7228
165506,5708
457130,17383
582150,5074
1003221,0
462763,8327
164168,6240
101506,6709
632782,5113
381746,5616
922158,0
981131,2445
309862,5923
479749,7609
780732,5786
346639,0
992364,6122
847806,3826
689983,4408
156884,8923
995287,6347
717996,15724
359667,6956
125089,9475
153015,6923
99845,4481
936797,8504
563967,2457
137521,4690
871453,0
417006,2956
696294,7767
17989,9825
693471,4677
1005243,0
565814,5785
990961,0
533880,15082
917935,4971
1012261,7092
249746,9974
836892,7614
671257,9999
694068,3808
761798,2352
455633,7224
142351,8302
710206,9350
18505,0
791247,0
356382,9540
574091,0
54666,5794
253628,5409
598699,0
119662,0
505603,3662
493423,8973
938815,5726
509284,6259
507367,4871
126666,6628
461051,9583
768158,0
361857,5141
349574,0
230392,3873
325555,0
173161,6852
266660,8358
316133,9557
998066,0
716884,13348
949940,3618
304076,6825
38766,0
304400,16898
630300,4006
681580,7547
871762,7127
996739,6427
377221,7578
773582,7462
867677,5720
289418,7850
114562,4323
900383,3942
628499,0
790724,8158
466578,8816
942718,9343
633793,6257
374708,0
813503,0
524681,0
117493,7539
944649,6083
469612,7687
513009,4870
685336,7135
869037,0
794050,6854
689564,4823
272690,5059
991730,4546
630785,4815
310,3405
359616,9078
770141,6730
839276,7898
336359,4592
42330,5772
356389,0
901138,0
329284,11041
25748,0
805684,6495
335122,11211
275538,6634
561990,10055
440005,9465
706857,4571
644676,5671
429912,9811
110316,4352
26251,9213
270615,4961
36821,0
847895,2823
1009845,5621
450347,4965
101781,7275
696539,8021
693791,0
381067,0
452419,0
716035,1644
300866,6249
651063,2087
506982,4853
533605,7413
494890,3780
652522,3458
585959,7118
389024,11607
683410,3071
1005338,5139
114266,0
43313,0
89253,7942
207548,0
766093,2719
890960,7889
264281,8641
417734,8221
703781,5062
268646,4471
839871,8721
321831,9027
23828,8675
1004261,0
704252,3523
614894,4912
535424,8295
225838,0
833263,8619
993596,10846
806975,3306
418666,13362
368958,0
565063,5952
285169,4571
707599,2825
561083,8809
315151,0
315642,5389
920787,9954
479631,7360
261329,4806
889417,7143
561787,9315
157021,5888
571175,0
63215,0
100877,6483
822896,14826
553543,4829
481348,10959
674938,5724
746338,12481
356700,6195
570548,13519
621570,6781
1007415,7368
972570,0
952252,8172
405509,0
512892,4698
70091,5561
463594,2946
983607,6414
10282,9323
442202,6914
418686,7272
273242,3877
97715,6909
99186,8926
629791,7543
349729,5168
799006,5643
831449,0
786369,2150
739331,7114
634597,7821
388625,6974
266177,6515
852835,6943
392006,7497
706473,4946
248412,4580
772223,9172
1010925,4662
521774,9426
490154,0
97416,6769
773736,5393
926560,10214
867355,15769
843409,0
353949,0
471122,4284
633518,6493
944449,0
833398,3494
812156,6624
862553,6234
261558,5601
578644,9874
560259,11055
756278,0
85026,6213
486064,8459
55983,8652
409092,9274
302251,1224
702955,0
680867,4514
178392,4227
89377,0
644504,12594
844504,9825
517969,3965
85591,4992
622012,0
820635,0
651144,6316
345819,14563
988304,6334
363937,5437
927795,8984
584804,4649
683375,4404
917132,5529
504412,6666
110662,5675
610496,7403
958679,4409
952523,6355
1005433,6353
77812,5127
253444,0
78106,0
819558,9209
171363,8275
763918,3111
180587,6706
970833,3886
489394,0
11222,7413
52088,5201
347332,8833
601410,4098
117649,7020
967976,6631
935914,8657
914649,6241
354707,12189
108731,4907
510967,5096
12257,3417
396247,3787
444544,7404
785509,10238
874645,4562
798939,7193
545357,6186
713671,6096
555033,0
135647,7322
926562,8169
804976,0
252568,4581
214163,7517
741772,5798
518616,5018
486605,0
240752,0
993582,8902
856641,7432
875732,7152
981250,2233
632605,0
1008575,0
687472,10919
720302,11234
636577,7402
84484,13194
675332,5940
192267,9578
23154,4403
675722,5813
840311,4805
88692,4251
365785,2833
15620,10772
888394,6707
704810,4945
765649,0
206848,4517
631552,5205
703770,0
402662,0
759226,0
445493,4452
637298,5187
760428,0
578700,10836
161644,10000
809688,7662
930971,10417
491083,12827
978404,6774
726854,2722
101833,5978
515859,3217
370861,4843
35482,10553
507440,0
449165,8075
737278,7814
440166,7854
34230,6822
95917,2367
621588,13004
303827,5430
339933,0
796464,6484
205072,8951
46629,8204
459226,10365
168295,2610
195778,4468
632971,5888
893899,10910
619585,4860
170198,0
842348,0
353284,0
192435,6271
69141,8712
598810,4140
229199,10658
273622,4356
36153,5394
838927,11353
331802,2665
622881,5569
705141,4036
748187,6953
378624,4286
357212,12298
926571,0
26527,7098
972002,11657
838623,4508
945911,6728
380365,0
485464,9200
679360,4718
973511,5771
24235,10113
829685,8317
971849,12322
80751,5712
409199,9273
913183,5330
518370,5570
382693,5849
220969,5320
436470,0
310968,0
271149,4750
889376,10364
792705,5912
147944,9726
500515,0
621194,10478
806647,4995
648162,5494
492313,3994
642613,6042
734394,0
338604,10248
19119,6709
156971,7260
748064,11364
703647,5627
200791,4228
262262,6580
183407,6289
525005,5038
395945,2559
488709,7178
1000671,9114
243103,4059
738014,5676
527278,4694
9217,4553
511475,4232
495786,0
438685,4692
56400,5008
540497,0
933846,8065
563988,2435
797609,4300
380576,7218
104544,5862
714718,4758
825867,6433
758022,0
792703,0
45502,4513
184015,5806
789085,7414
521134,0
1012422,6431
269492,6389
991161,0
836740,6410
71530,6435
468871,4145
740519,5123
167399,5261
753378,9004
417500,8689
231379,7419
288381,7097
726202,3425
909882,5998
276855,0
136616,7462
839857,8230
245599,7928
919442,5402
869977,5710
181975,6637
46284,0
439273,3140
570435,12079
520411,6609
482581,0
392204,0
819579,4617
715384,1275
419589,1235
517672,6006
682234,4989
398243,4204
162629,8364
555460,0
214838,3617
708102,0
417925,6933
898256,0
672695,7048
892269,4519
886773,10938
30531,8464
322412,5063
706182,0
301919,6591
103733,4597
529322,2549
144839,5972
409249,0
187481,4654
458490,5319
515331,7909
833405,6830
76498,10142
992700,4041
880596,5092
546104,12257
329155,9730
59694,7922
922584,0
899584,6819
55606,2725
366189,5267
619311,4533
304238,11617
6726,2993
631006,7442
68760,8627
707098,4705
211848,13658
991580,11159
41440,4536
524838,7811
171634,10548
239829,9212
462194,0
228831,7100
619260,5099
416169,6891
184668,7185
365010,10078
195132,8024
1003578,0
738371,4074
905408,7233
128436,6017
892064,13140
888533,8410
646524,0
54810,4451
793320,10546
273110,7345
695455,4218
239676,10282
100263,2910
165009,0
653032,0
423762,7687
808456,4740
297546,5662
461499,5820
179891,5520
329399,6828
201194,4684
860318,6354
991852,6431
595107,6133
870439,4268
351706,5286
594564,6229
335097,0
841953,6007
753353,9562
602208,6059
779548,0
950008,4718
251725,6234
591433,4211
486534,10994
984819,0
659267,0
780393,6038
54558,9399
632502,4182
605598,6642
759888,5180
527356,7617
656204,6015
201195,4677
421802,7990
160761,10205
875287,6302
635457,20261
1003691,4770
355398,14296
2161,4848
483785,6414
215930,7334
981152,3533
701096,7182
486085,9569
239763,7130
385732,8527
846934,6942
140279,5749
792194,4849
854727,8799
436483,9980
785348,11222
448051,5620
704776,0
480532,7456
441381,8996
795868,4628
939407,1475
783178,5289
16000,6272
177765,4727
572370,0
56060,9798
24577,0
556471,2941
408249,10400
828666,4279
777496,11048
402331,2802
273195,5449
395658,0
891616,5638
517843,6242
422221,7710
541591,4390
389222,5514
141030,2558
31216,0
651553,4244
498598,5886
645878,0
496815,11714
34538,6956
18738,7079
531534,0
77045,5202
956218,3447
248499,4308
947242,11723
588565,4213
422377,9174
901639,6491
210661,11341
670891,0
911012,5720
483008,6599
922732,7825
142893,9421
277185,3940
259348,0
238844,3718
810615,3458
788698,0
111514,10171
319210,4606
888824,0
693167,8207
797726,7216
905655,6953
503597,0
241013,5460
501148,4664
345008,2956
29536,5811
90222,0
237211,7142
110721,5815
78944,5584
944968,5361
343623,5694
345332,3466
317358,0
632071,7475
543287,4592
366079,5137
670819,5242
817853,2122
838412,0
781805,4673
370332,4845
295832,3750
841120,3232
927371,7826
588229,5585
969585,3681
160018,1760
517115,5926
135393,0
355591,7236
179796,4847
176634,8857
544776,0
731214,4796
202111,4864
895561,5240
172034,6725
530878,5517
697798,4913
537986,0
953294,12353
690,5893
800512,12608
92612,6218
9342,5584
70232,5571
227254,21829
343815,6230
911332,10190
621996,10933
523372,13913
395024,11010
152086,9006
864696,5236
603764,4141
55616,0
709253,7644
985310,9497
84627,7929
604696,0
829585,15617
984535,8803
304300,8922
159009,4402
62956,0
970823,6180
805270,0
922847,6590
11970,3895
950197,4635
304576,15831
726081,2504
974125,5185
586214,0
214451,4864
135095,0
121630,4685
65753,2232
78279,3789
352326,14284
833572,4609
676746,5987
823410,6440
58015,0
228534,8475
337475,0
453008,7732
589129,0
428267,12982
649715,4094
661150,6889
239231,7431
627170,5835
107365,7286
394299,4322
439161,3576
296601,3421
602078,6116
922888,0
219394,4614
953749,0
358225,0
180913,6584
222953,5890
445994,7733
542322,11397
714446,8838
282854,6820
911702,0
246989,0
900054,4791
175338,4383
798937,6175
743298,4392
256602,5374
313603,0
559765,5287
339097,7679
740349,0
576093,8757
491909,8979
1010003,2217
518845,3985
260349,8137
825287,7358
69985,7643
902255,9937
688924,5146
405230,14375
228912,8777
880344,4313
430302,0
534942,13265
22709,8542
276694,0
911900,5881
610477,0
607549,0
62219,10843
675941,4336
82020,8433
391740,10356
74817,13567
747911,7166
401699,0
275363,8070
205508,6725
105363,10469
532394,3785
342470,7179
576504,5085
634085,5843
740924,6280
335107,10131
317112,7300
205137,5242
943573,5139
213414,7095
160952,0
862292,8721
803963,7496
856066,7299
285755,0
447589,6728
497482,15884
545537,5943
761879,4935
890240,3016
969265,4209
725677,5043
338584,7048
965906,5760
642559,6339
436089,7139
248518,6975
249331,7017
814027,5279
238886,4071
840348,5332
940840,10447
657063,8901
355918,8380
664925,7460
387196,0
585230,2554
600611,0
744135,15868
909850,0
300594,0
478716,10170
35127,3085
4191,5732
942161,22383
833349,5417
236725,16677
578792,0
708813,15202
959577,7464
418772,0
549353,6382
507165,3139
610480,5891
423212,8445
15053,9780
15467,0
418289,0
709412,0
73305,9713
977211,8092
743306,6313
612710,5654
683710,3791
573705,7068
675865,4445
799122,9917
329274,8574
147131,0
842343,11505
957372,0
580528,8257
173600,0
692626,6688
942092,0
440581,5631
394431,0
604141,3417
446794,7234
954003,5825
818553,5403
443299,3886
535357,8142
125458,8415
344306,9825
56162,7011
115438,6331
68317,6122
116061,8066
520231,7296
290006,8135
517410,0
316126,10112
297950,0
864784,0
513330,0
736673,6633
958232,7135
628938,10955
957427,5164
1015358,0
676324,0
670641,5969
611202,0
123502,4044
186479,3482
761916,0
727618,7748
868050,4473
235168,11689
884098,2824
835475,4056
690677,5378
499366,3036
107642,4811
212875,9596
603626,5718
807443,0
618737,5238
267630,5597
576037,6322
736615,6876
33330,4080
8274,5113
835668,2824
558625,5099
320489,0
545488,4352
908511,3675
242558,10141
997520,4707
306859,3418
595516,0
745254,4169
901372,0
1011226,4846
330802,0
956080,7292
397542,0
241172,4163
808,5083
659667,4841
53338,7384
342521,0
503518,6671
712557,0
373680,8615
230205,0
961577,6716
28168,0
848827,9041
453166,7138
953894,7024
658431,6308
301719,1511
948368,14809
237954,18743
1013723,9432
819325,7092
725181,0
519193,3033
901866,6240
988734,0
253348,10163
485938,10752
421578,2445
474944,4398
970029,10832
780564,6141
699692,8989
505558,6160
549859,0
70975,0
436364,9124
16540,4946
158284,5709
16710,0
408912,9476
363393,4571
508939,0
918030,5470
422173,4888
467978,21192
364895,5977
445255,4168
14818,7760
21955,9761
841273,0
358093,6066
688329,18156
765505,7940
855629,4370
350935,7545
236480,8790
969458,3234
65563,0
342513,13732
39392,8132
45442,0
345866,16007
14672,0
126835,6926
554845,8516
20478,0
399327,6666
607848,10127
998683,4034
623143,6346
932034,5298
953871,11756
304341,7228
386371,5966
795092,0
852062,5137
284840,7876
157323,5751
308741,4084
432145,5453
768117,8300
157119,6394
292908,7542
932144,11222
96220,8541
222433,10299
91780,6455
90899,14595
807870,0
281872,6172
969153,5264
78580,2837
395018,11150
392913,9186
424260,10504
261840,5002
520673,8229
535026,8802
504438,5210
224278,9837
515163,7241
716015,2846
86579,0
107880,9921
511893,20548
151416,8932
874439,6739
920333,13328
443754,3716
964720,5736
658290,0
271502,4495
552448,5527
973577,5004
307583,6662
801544,7424
264534,0
329892,7606
471115,6152
626162,3689
580325,7796
510283,13976
284098,6837
983948,12283
1002533,6900
21460,12611
62465,11054
478190,0
349166,18458
893454,9967
130690,0
928793,8635
72322,6603
505923,4486
568563,7401
643233,9678
1005509,0
435657,10908
359903,4080
514263,5346
701780,6831
534865,10321
420497,5442
539138,0
923059,0
776117,2847
183372,6398
418536,7753
280745,5333
201562,5903
1003718,0
446054,2543
517516,5715
197522,0
384922,3845
585286,0
877421,9094
591957,5832
25132,0
150735,6020
822673,18596
176121,0
618775,4545
278651,3246
747186,0
846796,6397
280265,5672
685132,8795
648380,0
112082,7067
683377,3275
223765,0
490095,3540
122168,2916
181700,5178
808951,9613
589055,7293
90498,10280
336161,7800
876464,6611
863541,9639
493256,0
1012377,6195
42154,0
369738,3844
602308,7297
393496,0
326471,5063
883123,2545
656338,5481
118740,4049
206364,6047
332262,4450
356829,6390
944812,6081
31004,5744
333870,4042
750614,0
814399,11416
916766,5862
379037,12398
1673,6802
20151,5048
388881,0
206023,6653
222623,6911
833395,8318
861465,4649
875735,9498
21399,0
501165,6691
803146,2682
182782,4675
925071,7531
496182,0
55336,0
788676,4320
558229,5967
494808,4493
705185,4645
711136,2430
862635,9229
116749,7645
132472,6233
140458,0
925486,5843
550573,0
761854,2389
905127,6220
488847,8678
340615,9354
228519,11364
270880,8040
107060,8540
257659,3697
732073,0
887918,12163
162834,9869
885106,10561
455555,0
962341,0
532411,3717
748962,7329
689590,3655
983089,5703
746425,13231
702293,0
250603,3613
982837,8987
716652,10665
445155,3674
666723,3994
102327,7261
492256,3599
247474,6366
853555,4848
444274,0
360120,4325
445082,2770
810364,2748
568792,4267
169481,5149
3111,0
896362,13200
19997,3848
660738,17819
188709,5349
50486,8577
414214,4835
752912,17030
343071,0
67762,0
894418,0
982933,6373
327249,4568
415697,4794
757288,7976
698403,7601
976034,4850
741215,10046
658795,5538
120526,5517
904357,0
176047,10018
603035,6557
522387,5075
411357,0
701210,4657
826729,0
191687,0
894908,10074
697793,1739
265130,6295
631100,19730
755403,0
383349,6957
381718,6089
742927,4000
426774,0
377495,0
153707,0
887966,0
788743,10770
649672,0
291379,9183
870405,4561
166800,0
994257,6831
401374,5233
931431,0
427558,10428
397273,4371
378635,9273
130086,0
751623,8103
894638,6850
288454,5240
97906,15492
796337,4041
580039,8970
540783,11686
446775,9930
85316,5069
348142,5912
640391,3966
144303,6934
523592,7865
549070,12654
901564,4185
221096,6951
743199,0
92314,0
632423,0
627256,0
328612,5544
335937,5451
406711,2361
710005,2939
976564,7586
341693,11109
223153,5594
956766,0
312054,4708
153160,0
556720,3822
526158,5558
475752,7589
118736,4382
799505,6032
956188,3294
348521,7594
209913,3868
163964,10125
700180,9662
239419,4466
383930,7491
568705,8566
807168,8375
60522,6098
86310,6071
926685,4017
111393,7342
750936,6519
814968,0
832559,0
924796,13939
782545,0
172725,8035
240317,4349
679157,4018
227130,0
72678,9940
291215,5912
851727,9910
651970,4482
358924,8854
683925,4303
556681,0
875313,5281
865942,4745
447109,7003
808079,7005
645117,8640
336098,0
812002,10618
466707,4192
72572,0
935878,0
755890,5448
227189,6159
69382,9837
370099,8699
626194,4736
1009590,7422
280776,10569
33939,0
248016,4655
341926,10100
200757,8594
676373,0
813185,3684
877688,13327
386911,5977
800458,6525
658139,0
399613,6615
644965,2591
229688,3729
919378,3341
540824,6535
645457,0
606143,4360
764613,6139
952335,4174
375821,10064
418333,9553
134651,7530
437764,6424
560263,0
236693,7997
744682,3974
338097,6349
64062,6677
274785,6642
8498,4636
75725,0
758919,4015
279506,9569
400659,0
605744,5701
847451,10594
474473,0
916724,5534
182412,4744
494212,1958
953885,20976
303288,5676
941301,7877
651346,7041
227205,4272
474843,6628
576219,12440
100869,6248
934313,0
795035,12773
403739,5074
677821,0
700731,3143
417529,0
712761,5091
712939,0
319233,4821
843048,0
124372,10091
154608,5359
992883,13909
811294,4973
911997,8040
463248,0
406910,0
39511,8232
184671,0
399282,4739
540442,7892
171280,7142
632351,7927
903195,6996
624485,5322
933598,4487
1002505,8175
540611,13287
683550,5230
819658,2266
803820,5331
592572,5172
283866,8357
214680,3359
361554,10095
85890,5413
835850,2829
136964,5579
955028,5656
894118,5179
515535,4404
801188,4132
547572,3550
301438,0
586377,10365
224702,6168
461653,6211
895413,6207
545125,5163
693777,0
297150,8465
58577,4257
191736,4738
442953,0
854417,0
86525,7903
332267,7235
770389,0
405672,9530
195285,7867
687015,0
645245,10554
613508,0
405236,0
1007142,3461
967078,7824
716996,8790
399597,10927
842429,6828
28043,6827
484081,4376
238458,6339
279796,13936
584042,0
607432,8461
292298,0
560342,8166
476672,24005
38064,10180
282990,6968
748762,8497
816003,10473
661800,3520
959813,0
553406,3136
528322,8862
482695,7857
609825,5701
647968,5178
306255,6402
547133,7554
137508,0
217683,4179
357754,7818
49111,7637
650716,0
434292,7947
48991,6611
417804,8206
498327,6254
415474,4704
363219,3230
556193,2764
857960,6002
373237,0
716265,8247
434102,7574
110594,6718
474054,4828
483875,4950
626367,2693
161065,11843
670781,0
712327,3294
877549,0
139428,8380
952646,8853
695769,3504
660293,0
27984,4861
702097,0
590680,4952
133367,0
620918,12273
731877,8714
480157,13401
811987,9892
910933,7286
487848,6703
276749,7734
401772,6392
598344,7275
389231,9866
870186,7742
692969,7104
472590,8296
838425,12048
928614,0
416616,4494
854637,9583
558033,8550
109691,4547
124709,8658
196356,3463
32119,7861
342217,5988
747406,7052
799962,7819
532479,7619
644170,6159
846074,0
569367,5404
59085,6328
823148,8741
606991,5444
309827,4700
563423,0
501140,7411
170957,8780
8608,5790
234007,5037
988306,8489
213422,8334
121310,5422
622145,0
983051,5098
118555,0
976587,5364
327178,0
366948,4273
850443,6688
762922,9236
72834,5325
1012108,0
79487,2979
627529,0
211175,7524
492049,5840
829087,5230
656454,13610
627298,0
249022,3684
208723,6646
576751,7895
213710,7743
419648,4336
761639,5889
220037,4718
502319,4984
393836,10319
562894,0
596859,5711
879966,3966
866334,6797
401359,5334
736232,13227
243859,7095
75867,14871
953319,0
485383,0
625819,6711
465728,4605
52227,4998
659675,6432
276331,7111
455437,5651
64865,6197
894211,5668
90581,10658
440873,1701
590193,9631
632616,3616
78397,0
666989,17157
522347,0
967397,6521
16903,0
494599,0
509731,1964
634011,6773
235773,6680
616770,0
696018,0
306289,5899
337203,6782
643994,0
988581,5570
940007,3697
1009086,0
980880,5060
333419,0
322599,8643
16556,0
73688,8075
342250,11557
167962,4135
681422,2038
824008,9292
486441,5763
479573,0
169652,0
24722,0
2157,6788
447644,5815
425111,10542
744494,11349
749490,0
127042,8555
617349,10929
280614,0
386444,0
654468,3507
767567,8094
305224,11301
727071,3039
4145,1897
795399,3892
711278,5356
655886,6348
134420,7631
331553,6431
389531,5507
613548,6997
741387,0
977117,0
954899,2933
535048,0
250512,5001
204497,10495
637935,0
966431,7584
395753,0
406622,3353
279883,5239
518038,3540
391583,11580
41970,3909
919281,3897
934606,10517
576784,0
214597,4805
285215,5361
832338,10828
401231,0
20502,5568
545729,11322
433451,6617
618450,7345
29307,3621
703897,0
623470,7239
310736,13114
434543,4716
979667,3733
921196,8837
391086,4681
495486,7881
34256,4553
107302,4827
707584,2799
146913,7046
865921,0
689685,3863
713823,9195
171562,0
346754,12923
934854,11854
449466,6778
709779,10410
43548,3586
957493,9009
514967,8809
282674,5736
388667,4846
337941,5024
858273,4267
467529,0
841739,5813
687229,10362
241420,5207
70280,5578
751580,5284
555834,6096
285767,4446
843722,7456
303749,0
785898,9034
619802,0
763028,9977
892095,7496
702026,10132
627266,5854
477799,8988
375702,8164
53757,0
726340,5842
314818,0
885446,5699
827430,6464
24610,0
953225,4123
732132,5399
280946,8034
255292,8123
182203,9943
913038,4640
614948,2757
291898,7977
435913,6655
796521,0
30344,0
535049,11648
451731,4126
872081,5818
292647,4345
306276,4883
794543,6767
914804,7104
525591,4819
216588,0
356583,4870
989869,8807
1014314,0
469503,15076
607256,0
956700,2981
700196,12046
703123,0
144758,6431
352811,0
723532,3518
167432,8380
27558,0
64133,0
324651,5451
102498,6074
65025,7260
197992,2519
21556,7573
807278,5175
944008,3380
931281,9144
346972,0
667755,6700
560802,11002
897850,0
680088,5841
768916,5450
382669,5254
527714,6006
152579,0
765383,0
250192,6306
683572,3362
415915,5376
872304,0
954823,7516
717391,15658
520357,8282
805563,7132
628402,4470
782831,8340
463241,0
887708,9097
407035,7018
478447,8491
1010186,6791
707254,4977
70788,3247
1007349,5288
441655,0
333576,6091
616881,12523
825476,8777
565564,7448
906070,3485
76384,21903
195122,0
514916,5166
17116,7101
961155,3438
1005711,5621
263109,8126
590342,0
851498,4172
734196,5246
203362,6269
727875,9140
984855,10309
70350,2927
677898,0
792329,7569
132763,8113
280447,6081
749664,8957
856237,5623
526477,9091
311679,0
650734,5562
6519,5335
924787,5622
570384,0
824138,6099
394152,4872
314019,3910
788135,9114
765633,7454
872811,4285
954774,5375
372953,6114
960361,8429
483372,4478
886835,6777
455904,6256
1002406,7294
501546,4231
637708,3365
323626,4908
671082,5737
195126,5633
489785,4720
735354,8293
468900,3562
464260,0
654616,6995
618900,6811
479870,13472
946027,8767
272999,5007
376391,5978
765857,1568
827275,4598
742903,5022
132201,0
212203,0
587798,0
474933,3699
970101,17222
920588,7182
503903,5175
122794,0
196808,6991
871651,6636
936193,10161
545202,4366
995270,5507
788035,8985
564422,0
380706,4496
331629,4374
137384,5947
198601,0
570850,0
953224,0
373530,7316
801227,3783
172131,5958
747295,7330
351480,0
304539,13426
197553,4900
728498,3817
394325,4910
838051,0
725643,4192
258608,5099
68795,7808
362313,4566
844270,6431
797439,3363
200452,6305
859887,0
644733,0
523443,0
19830,0
657318,6706
377665,7019
204710,7528
836400,3945
102820,0
690384,5404
796124,5232
721091,0
152991,6870
690235,3570
821804,4349
355667,10257
126146,5438
990202,6852
994371,4336
733240,0
67456,5984
791975,6855
103321,0
487004,8185
65021,7739
816432,0
554007,0
768689,4801
250891,4101
429752,0
533992,0
3052,13087
102553,5676
745927,0
570150,4516
68723,7763
791065,0
602341,7268
874539,6511
962123,6960
929890,0
138733,7505
787821,10092
62197,6203
716657,8931
189250,7412
644284,7049
657150,10023
780195,9392
274767,5136
96161,5914
736796,0
578095,0
538742,4810
110186,0
758341,0
45643,3886
989079,6101
435027,6886
300840,5224
398596,3765
630685,3982
201023,4273
65286,0
383073,4791
929341,7838
13989,7026
597552,2499
1010957,4104
29032,2299
122583,4489
690854,4284
194185,4916
319279,6880
99776,7032
473025,5047
718090,0
712522,0
662332,4646
206167,10903
205612,6323
655512,9681
958764,8510
869450,0
375690,0
161030,6791
455330,3263
711910,5132
393964,6483
33331,4995
762688,2981
432445,0
516885,10739
885675,2920
851876,4406
430594,5122
514019,0
260356,5761
442819,4807
896669,11438
94451,0
711300,5425
242,7380
815877,8359
42918,4722
185284,7277
464138,4923
898446,6396
139128,7559
52806,4845
244840,12672
47660,6654
903010,6936
606045,4433
869366,0
968833,4705
132653,0
689169,7520
209775,3476
660196,7421
876381,4471
914083,5586
854451,13314
528195,9844
21978,9412
95533,0
285206,3494
456434,4949
282853,3704
587854,0
728383,4603
76583,0
325888,15638
497305,13566
132537,0
50886,7936
293850,5812
529124,8807
512623,20798
986848,5791
3679,14669
561716,9092
588232,2819
146531,6478
997642,4912
841997,7132
26569,9088
218014,7514
520825,0
961513,5543
125231,0
15610,5557
385467,13549
836102,3051
767859,16342
292438,0
671209,5307
9601,7626
346953,0
75315,2547
373386,6488
74278,11543
62444,17290
529800,3909
675197,7756
83430,8058
50201,0
15483,6515
93671,3149
730465,8547
860534,3023
174380,5449
26605,5311
202187,0
830436,8831
127679,4527
736126,9415
828242,8005
33016,4782
723162,3251
934054,5675
397133,4594
184810,7656
947713,8681
795270,3579
942703,9199
129488,4970
981989,3858
895157,0
454525,0
548890,5240
243894,11348
581403,7779
206893,10270
141238,5235
153143,0
827962,9384
353945,8202
76100,0
549034,7616
983513,6018
971837,9758
952030,0
72955,8370
731604,12456
388001,3993
529438,4893
1013409,5156
692900,7148
954190,6306
828349,4425
294488,5115
455440,4394
949131,4688
606197,5371
631074,3993
802953,2441
323048,12216
284432,3866
805074,0
303936,3824
321427,3406
104579,8018
148108,0
886664,5273
949162,0
620147,3178
537455,6093
741199,5873
873804,4061
165567,0
446677,7192
914697,4636
335220,17044
868691,6069
103933,4122
912615,8450
998339,4723
224887,6241
663776,8987
591386,3636
919540,3620
405081,7922
495448,18014
830318,0
377420,6692
38009,8275
887130,9371
967299,10094
886652,5638
286412,3687
557674,5328
366965,4731
425093,0
665322,7370
310803,13316
558463,7353
224676,7138
610222,7081
279653,9978
890194,6044
734339,10709
457581,17116
132151,10650
903014,6412
629600,5795
921016,8637
775332,0
880456,4698
496212,8424
1000697,5955
316557,8487
759570,0
672445,8314
571179,6542
861408,4898
52103,5603
14082,9395
516138,3014
782465,7115
846717,0
764238,0
44724,0
790532,9569
284195,8087
266806,4205
387879,2764
340224,0
912765,4500
402309,4752
305159,13909
489768,3841
498313,5563
50541,5448
701219,9943
955754,3780
902235,0
284523,3669
595298,14131
614125,2480
617858,8306
404777,0
571081,0
1001863,2561
540550,10940
521772,5969
230000,4165
237893,26977
618695,4726
769351,6413
946689,5634
405035,8231
331434,5005
667634,16075
21453,6255
743661,20851
118496,5282
123323,0
813254,0
755457,6017
521044,7998
751649,0
420322,5126
229804,7118
585725,7458
233986,5411
122667,11516
744686,6563
918212,8241
938868,1349
841657,4050
374589,0
109837,2319
312185,5647
530064,9093
79449,7701
716930,10275
792219,6275
926425,0
568276,0
214072,6312
566579,3065
215833,8218
827880,12667
47757,6127
167774,3516
981136,5341
160974,7092
194789,0
553629,2688
555454,2942
687689,29007
164235,0
832567,6844
70264,0
881450,6290
276481,5749
635685,19256
1015592,19975
788761,0
549298,8092
572589,5886
744650,7225
1005856,0
345577,3417
458122,4915
235359,10140
693208,8465
983837,0
437965,4477
32395,9424
431680,4003
623153,4145
329665,7548
956957,4975
215624,0
561395,7836
347906,17311
426899,0
851317,5110
507841,3521
723085,2344
106181,2001
204230,5676
218791,6606
254041,6866
881036,8640
29738,7866
496344,0
570760,10642
777266,7321
566762,5990
288823,6044
486701,0
761408,6106
612902,0
826161,5422
404309,18422
774508,5446
635022,6898
352711,7160
269780,5590
424069,6912
183311,6630
170681,8906
289380,6621
298552,7474
327599,4683
123700,3741
627585,0
81687,0
388180,4637
156309,7806
427536,9030
542686,15309
672944,8606
690026,5940
59099,4546
517520,4556
637824,4196
597015,0
927537,6794
846901,7976
600071,5384
155966,8585
936443,9549
946151,0
853530,4591
917033,5847
997069,13631
904748,0
754707,6051
630592,10378
544514,4000
278442,1800
83460,5690
390044,5066
788146,8501
733893,0
742576,0
241505,0
127445,7440
684299,6906
505968,6570
295769,4908
1002668,8984
902646,7405
712384,8041
968052,5554
944605,6087
293883,5199
605663,7356
820410,5885
225621,0
754821,6701
969834,2930
26464,4790
754795,7609
124490,8606
989500,7062
1012527,4596
717543,16964
557408,6970
488931,7881
973873,8680
493538,8279
183810,4475
167310,11231
934049,4555
279085,8817
926305,5029
856381,6023
699231,0
920872,12324
936336,11202
454780,7268
371492,2901
154803,0
95777,3819
165961,6557
851678,5902
182546,4929
912747,6225
400439,5641
265455,0
859302,7223
577298,7196
559235,0
344929,4329
214956,0
263218,3653
974486,8275
513515,8549
714169,4123
331626,3088
404178,19143
903842,0
375729,8281
860222,9030
559556,6174
67860,5827
176676,5862
976801,5269
188954,3973
772621,4622
153664,3877
945274,0
902504,4986
677164,5711
201433,11762
810584,0
614304,1212
286741,9825
695049,4907
309746,5308
354809,8594
354907,11015
398171,6120
939942,0
459508,0
824035,6515
115254,7426
49944,4695
494052,7476
780776,9925
112413,4178
595969,4893
982468,3035
848223,2924
415068,8181
137175,6636
138891,0
326187,10682
961433,8167
426100,10915
372002,4530
144028,0
59780,0
95965,0
117072,8995
801506,2226
234735,12659
190135,2800
37489,2400
259638,3812
844524,4802
734317,0
854263,0
996560,6271
947583,9364
1002019,10200
840912,0
201558,6857
960427,7540
185781,0
936479,16756
96938,9152
330539,6548
163939,8144
281481,7277
604027,0
103293,0
576931,8184
626429,3501
932991,8296
751535,4981
660963,13046
902070,7209
184529,4815
20653,0
347076,7814
173708,5494
534381,0
651516,5938
323605,5951
486602,5821
973572,3153
259890,9645
862203,0
976232,5062
458013,0
312765,9625
307275,5039
16282,8975
1013339,5160
794478,5917
737275,11350
21657,16140
902956,5237
988801,5572
300695,4577
554803,15408
336023,10662
810793,4705
180073,7702
709698,5667
479296,8465
727203,0
274445,5301
383165,4703
891973,10096
1013312,0
57641,11242
718530,3549
737368,5496
69469,7966
297558,0
818006,6536
964581,5130
49640,0
112450,5227
579589,6913
965962,10154
646033,3618
447667,5198
736781,8968
918820,4143
671522,10001
177530,6104
687709,14173
522519,4705
87505,11517
959252,5250
446846,6985
362985,4791
326702,5566
211414,8023
460593,5318
449276,12191
677385,5582
41185,6216
712752,10367
861991,5000
275450,6835
106240,3207
403868,3655
1015694,0
193633,10425
997544,6570
404403,12058
249933,9033
670982,0
231387,5965
610776,0
368223,4171
981808,4310
957998,10226
55777,6064
330560,6125
618322,9422
753173,14415
743845,23855
363633,5680
520037,3266
563356,6748
255452,5180
331439,3456
55863,9817
29994,0
265349,9934
80123,4540
270098,5535
212078,12844
340917,0
539425,5691
389001,5485
213665,3618
1002316,8008
663802,9378
866283,0
702651,3077
1010057,9351
75669,0
392192,11015
928258,17877
224312,7176
309447,6352
130512,16184
143138,10637
664931,10095
83796,4468
71156,5079
507153,0
220224,8363
795725,4271
967428,6325
998386,6477
788653,6756
147215,0
845629,0
627115,9470
328028,6964
485227,10750
598425,8695
468026,0
505645,3242
795098,7371
154115,6343
787843,7893
61170,0
412768,5576
46425,6317
468278,8275
195828,5516
477405,8660
700972,4631
294973,6829
176114,0
566485,4174
453395,12546
394023,5192
483704,5944
905988,8514
538310,5058
930541,8904
920568,10045
301446,1366
109917,3792
484932,8503
294964,7720
363514,5860
108210,4632
308456,3756
874788,5096
760701,0
777735,7729
559389,0
402452,0
849104,8860
405342,9544
348588,8097
311614,11946
115050,0
73461,4815
103222,6797
1010863,4133
827615,10341
387437,3000
960638,15164
615360,9957
141568,0
69553,5202
364028,7370
549446,0
907581,11144
157199,6049
548961,6572
284952,7349
115619,0
954805,6609
1006542,5573
526571,14509
429544,8686
487435,8063
905426,8689
326851,6292
717905,14035
533391,4398
713621,6955
862844,0
344778,4230
92106,7015
7222,0
399255,2956
125334,5869
362106,4826
140715,2649
1004188,6759
766435,4608
758764,5059
675598,12622
84981,8386
484795,11040
622176,7434
30810,0
203696,0
374674,10386
855097,6154
887404,0
389430,5207
241053,4678
570279,7139
967896,6578
449243,0
169434,8860
450599,6738
683738,4246
438411,4258
735638,6170
766774,15273
868811,4727
361582,8559
762586,963
324508,7933
938673,4159
976349,9373
266890,7522
233501,3072
476721,16575
46993,0
558217,5065
175090,5028
531664,4193
150922,13910
983125,11626
906111,4523
461383,4605
551614,4838
195356,7016
997487,0
184427,5806
700717,2985
210514,10378
957214,5890
606433,0
507204,4166
976054,6741
879398,11704
939179,7154
136068,9339
409230,8260
727763,8652
692056,6801
35000,0
90609,9464
178884,0
338027,6615
713578,6590
434656,8286
889347,5216
262466,9810
512205,23502
934636,5903
386268,6731
997012,6061
492009,4027
994542,5115
123898,10252
828693,0
977386,5332
496842,11476
107015,8630
448402,6730
87423,0
808783,0
137522,0
939135,3664
161104,7612
982813,6032
798426,0
964570,0
841750,2558
654355,5013
845298,5105
423981,6366
734504,7761
144022,6123
430171,6171
302859,10541
846489,4984
241890,0
936291,16417
360926,6626
227771,0
349465,0
588430,0
884506,3524
811113,6568
600848,4561
960586,8256
353474,8325
134074,8555
814487,7639
989078,6345
531103,3508
424086,6191
578224,6662
832804,0
236309,7651
420338,5919
269054,5547
446886,7859
486796,5314
946735,6659
6939,5982
715081,5269
334533,10709
155349,5630
807650,6623
366210,8437
484397,4050
171400,6752
103774,4401
487012,6068
87196,4721
597450,2900
949823,5466
115767,4317
229488,3186
700948,3931
1017000,0
880890,5018
440004,9633
776984,8649
369998,5646
277514,3997
949991,0
634020,6839
433522,6832
952394,8701
919361,8299
228452,6477
831063,4655
563265,6402
729636,3295
763945,2217
579970,0
749649,6657
822161,4171
536323,5170
266893,8598
755864,4820
489418,6025
516046,3863
924508,12149
216757,4727
815831,11777
282660,5901
681597,2659
557846,7032
394610,8128
542656,23929
749355,7363
399034,0
93754,0
595083,2921
970492,7622
374217,6508
288532,8706
325299,12516
396689,3835
742772,0
394794,4750
865603,4158
32134,11094
211903,14173
230522,2197
148002,9886
892048,4005
404231,0
196657,3332
512879,3839
1002996,8928
660783,0
984724,10240
934510,6466
384909,4536
926836,5439
683181,3720
645048,9323
610643,4857
450175,10820
852304,9599
721737,8559
229605,10305
237689,17829
785673,5797
94349,9927
209899,3952
479981,8627
308925,0
514139,0
65984,5080
432570,11404
14916,5948
461197,5273
624326,3257
779211,5323
847476,8582
68354,0
743805,0
519173,4737
113925,11280
929366,9214
108642,0
451450,5009
204805,7485
141059,5354
727274,10785
679128,4256
770033,5111
423838,9965
1015600,16579
467247,23386
943202,0
340119,4090
37919,9217
178969,1259
697131,5720
268123,5900
606467,6143
383605,11523
855492,0
237722,16752
755857,9810
207026,8971
246383,0
1002524,0
37565,0
855299,0
499170,0
297623,5247
568144,4515
309250,4754
698145,4241
164036,3505
515874,4771
962083,7084
69973,11789
722903,3077
650580,2279
706841,3409
875068,6279
78,0
948985,5071
133937,7918
564718,8618
74012,6244
1008760,7135
984222,0
165348,5516
776460,4018
84448,6215
603896,4533
756464,0
342175,9224
251463,8482
887413,6064
256001,4516
509884,10665
353985,7679
198342,3548
46233,6989
250852,5531
213218,4715
257942,3381
607551,8696
1011873,4547
128741,2320
550324,6346
988321,0
728836,4657
246702,0
556023,3342
446346,12897
912987,0
213886,6374
783972,4112
262931,4703
911442,4981
380254,7350
546376,7452
770749,8108
604612,0
478530,7778
207988,11735
58331,9265
131417,7037
562846,3773
225316,0
90309,3736
409070,13612
800753,9566
365566,6976
414828,8033
439472,5915
107265,5077
527980,6620
830982,6734
915488,4087
812610,0
463291,5738
987346,0
349114,15445
366526,0
45422,3955
746635,15754
849639,5653
932365,7415
263396,0
862766,0
110278,2097
56310,6151
734767,10308
298930,5966
365603,8180
441796,8345
999809,6635
733121,0
79098,6199
297578,6781
182479,5988
770088,4082
318602,4821
896666,8067
280326,5225
62557,0
1009892,5876
356342,2931
977710,7925
36995,5402
1004614,8315
410550,8522
411840,6578
978913,0
907470,0
808821,7017
838554,10301
820249,5701
542263,15390
448068,0
810522,1963
280715,5744
152212,7975
136072,0
150709,16098
442729,4007
826271,6514
805498,0
123360,7021
75436,2895
426109,12693
712470,5362
573880,6678
506016,5151
564095,3534
669474,5819
263477,8277
537417,5169
977828,6089
4249,0
875,5853
340120,3824
811734,0
158872,0
636041,15048
876687,6853
720743,0
376035,8137
39685,6410
901208,0
150361,5794
154117,6562
512569,20449
928625,6496
62400,8884
780721,0
1003418,3471
784985,8545
294822,4957
679904,8401
850865,5550
6640,9937
62147,0
714874,10598
435664,5948
890571,6546
275860,6831
845078,8775
239712,0
440917,5800
1903,0
81853,14157
721212,7949
962490,8753
647646,5981
808869,5345
222191,7378
80830,4097
918826,8078
398608,4475
709538,5987
1006358,4903
38175,8424
211472,0
31627,8152
1001216,9380
514266,5236
511690,5482
179698,9362
425591,11476
433414,5494
282517,6221
723556,0
309211,10252
672755,9365
810007,2970
450997,6671
287879,3473
133933,9845
749226,6984
178654,977
75125,4812
254172,6012
965436,9087
214013,5518
116535,8821
138147,6660
915454,0
538608,4984
223409,5432
464710,9024
462726,5825
76460,0
989832,7858
923074,0
706358,3548
642808,7147
858336,0
271844,0
596222,7597
812045,10187
415652,4654
351252,6595
396977,7991
719081,0
669272,6421
970366,10473
340225,4625
909132,5596
597850,2565
723059,0
269807,6195
948316,8004
378503,5934
964353,0
822419,14001
790614,6210
680584,0
945024,4838
580714,0
686823,10067
1012297,0
149607,4476
900420,4477
951514,6838
149963,6097
733713,7830
143380,9784
325301,0
132949,7125
1794,0
148462,9022
202323,5634
514934,0
454053,6920
67159,0
889002,7228
217106,4212
677183,7070
16651,0
377138,0
460820,6845
279664,14465
742180,0
341411,0
223023,7128
982756,5457
361771,6687
196599,7809
147973,9942
717644,25179
467459,0
505276,3503
808292,9159
104326,8500
166479,8291
157485,0
525662,5038
545694,10483
512559,18809
420619,4984
653806,0
145468,8986
367355,9548
197224,4744
437540,7296
143086,7973
859698,7804
806271,7391
892013,7171
210331,2141
354624,9701
254284,0
614340,5938
1013677,0
750642,0
937991,5521
926506,3386
371146,5128
119495,5300
752418,11285
962371,7895
495677,11068
192746,0
282380,4621
872532,0
311373,13551
62645,9313
469974,0
806610,3607
958599,8376
759034,0
87799,4163
814718,7090
106227,4130
580775,6000
500823,9082
21813,7305
891395,10377
132079,10798
710740,6172
895749,0
967312,0
312358,0
882200,7354
353679,8192
27008,7647
933754,6438
28202,4786
543323,0
806377,6537
56018,10036
639463,3822
151305,0
610791,4722
961742,6130
949105,5136
51715,16638
909421,5108
239216,7784
844020,7310
440384,4069
732094,4892
856159,6084
369013,3207
6914,0
438750,0
945070,4570
187592,2116
488347,0
303227,5268
173809,6838
837454,7950
618985,5114
253126,10638
353355,8286
91175,7167
637409,4785
136844,5811
532775,3838
970584,10265
225287,11269
127717,5391
101651,0
901308,5066
784177,0
36146,5086
464434,0
481111,11338
59905,7473
331165,5367
49624,3043
154308,11535
668011,0
649968,4455
1010915,0
780019,6162
993592,8497
289089,7976
2916,12750
406371,4937
549648,14011
239131,0
268229,5935
294126,0
642787,6150
85579,5078
394113,4842
557852,4010
521273,9132
239513,0
981176,3618
95550,5215
448803,10079
817907,3123
782177,9550
324930,0
685129,8928
168083,0
295727,4176
171337,8197
328318,10580
696756,11286
401856,4965
1001047,6526
961238,0
170816,10055
96186,14645
447366,7339
835222,0
66749,4377
815400,9808
319874,7424
198042,3369
804222,5389
1010246,5379
845015,0
134225,0
349159,19117
113879,11840
141033,8198
859026,4739
583245,11493
176472,4383
164019,2703
750115,11530
628575,5612
520116,6249
986056,2456
175233,4143
549250,5547
802707,0
292542,7854
682482,4834
905504,8452
430142,4495
370418,6403
409518,10256
999757,3595
761122,5503
99543,8834
963522,6023
540683,8596
797110,3825
304661,12150
893393,5503
28074,5980
845833,6289
540469,0
558149,0
244167,9373
858221,6763
789613,4940
876808,6791
636077,13625
970196,9002
286624,9755
197219,6222
187851,2012
929914,5489
22573,11081
891422,7958
977652,6608
800801,2533
787785,8670
274000,4254
434702,5201
284774,4717
773912,9868
663406,0
759904,7199
596609,5650
46085,9244
259222,0
343516,5509
270036,8361
361311,5446
216703,7387
584458,3009
288669,9977
1009823,0
889994,5816
888250,11397
539380,0
734336,10330
69962,9197
298708,10793
986722,7101
559471,10038
58896,6107
863344,6985
505323,5401
141347,8034
112130,10425
179675,5934
320159,7633
475747,9478
542556,0
285338,0
309696,4124
922565,5026
819849,6374
274487,9636
266919,4663
565541,6710
801365,3941
939834,6383
860810,4923
41085,5308
695837,1622
105163,7450
694709,8910
499544,6276
983024,5455
20136,6036
654152,3656
627216,6962
677048,6895
947498,9165
898195,11624
232968,0
664489,12577
674516,9381
659926,4666
824326,13998
991609,0
870093,6111
873592,11664
652610,6342
137821,8301
1001086,2536
457452,10093
269881,8644
858630,6784
689729,0
374988,0
193303,0
922146,8151
723013,3027
722409,6900
629705,5676
447097,7304
684939,8512
438366,4983
107797,7647
948760,13976
375572,9518
316198,0
439807,5183
499183,0
48176,4279
961460,5307
681637,5439
238947,4115
311207,12835
608101,6290
546934,8779
27440,5321
320261,5916
46726,4221
54906,7145
680892,0
624427,6104
721097,9814
881974,5822
64316,7029
221712,8815
660122,4983
361735,4011
567645,9483
239919,0
524271,0
387978,2915
820612,7508
712459,0
379393,0
260809,11174
992250,0
472036,4290
158476,0
635881,12512
504282,7163
754030,0
170410,11158
541406,4455
490931,0
378179,6747
587835,11363
786863,0
180548,8376
147004,8175
18357,8253
312188,4770
333429,9370
635227,8114
231980,6870
64630,0
155354,7063
188935,8238
118180,4884
588914,4467
136680,6540
257553,3587
757598,5241
139467,6392
702732,3111
661575,5000
320434,6201
999074,4097
601981,9534
327813,6712
9031,5474
802118,6768
962246,7888
977729,5296
490185,3199
216713,4808
145993,7789
414179,6621
430894,4959
255890,4085
46842,0
937458,3075
41574,8754
1005398,6734
154354,7090
197359,7012
317709,0
198833,3509
459545,5081
665680,7728
551593,10453
863246,8405
818843,7686
11954,3042
503717,10201
850757,5777
1009930,7968
795723,4793
492633,0
442582,3800
789892,1370
679358,0
91232,7142
730341,0
891547,5809
771674,0
706325,5273
634623,11199
104155,7303
496202,9162
782841,7148
460329,4356
170868,7888
773633,4715
572183,6175
1012246,5911
574649,5723
907131,10486
681206,1609
878019,0
500022,4371
309848,7106
509268,0
394402,4838
834318,4857
377255,4800
350631,5586
251868,7744
448914,7946
74418,7049
704379,5137
213545,0
108701,5567
762468,0
372879,7672
840,5263
819874,5564
903180,8413
57367,0
510433,11673
766903,18125
365837,2816
610304,8500
611830,8149
544067,6737
217572,0
636462,6612
388138,0
510602,0
325257,10988
847577,3600
488581,7512
897639,10329
824689,9965
742236,0
326320,0
59452,5725
849165,4927
985487,4516
923010,0
350424,9828
427686,11205
19110,5231
500311,4257
931282,9198
624286,7111
902767,0
893074,7152
136229,6561
389638,11080
312773,6499
30099,0
842170,5331
91519,8779
750058,7219
860424,3834
177978,4399
763060,10378
863335,7257
583821,4593
788831,0
318151,6795
289636,8189
967473,0
190915,10871
864862,2355
139930,7598
343054,8840
106933,0
201642,4653
418360,4781
421755,3809
392218,0
91558,10754
280587,4660
448613,6047
998593,3795
683453,3123
889217,5963
710501,5697
174068,4221
841701,3038
709733,6743
1001238,8770
502864,13415
611930,7150
881090,7396
155471,6857
58026,8600
490333,4713
167450,9464
691581,6922
962056,0
833516,4921
602520,6319
843738,0
222107,8899
582578,9400
574809,0
709069,0
96101,9371
55395,3963
952153,7405
111163,2590
225104,6661
216831,6218
819356,0
498929,0
868426,4874
520303,7036
561008,8084
861952,2479
337426,0
26419,6674
784161,3440
567148,3842
20341,3758
782385,7814
542624,15633
11672,4095
721048,7706
826667,0
200361,0
17780,9341
506979,5177
664620,12463
566958,4732
865760,9750
18145,4494
515444,3151
508621,2487
563630,7256
451106,0
697136,8197
329318,10126
177275,6656
206373,8124
917678,0
284921,5681
946513,0
199077,0
446876,9718
606394,7026
531551,6662
393549,11265
692451,7062
121725,6153
454653,6764
466337,0
176351,4960
584591,3752
693606,3952
388547,5466
73994,10505
630403,4964
461976,15848
966100,0
704039,5236
812112,7472
677120,0
508406,0
296372,2770
93951,0
54564,7156
745570,0
163839,0
412687,8386
698178,3935
330940,3949
250124,6413
580728,0
647589,0
367581,4536
862083,3725
195904,3832
526139,5963
232477,9448
54196,10581
1008208,4008
252081,6958
817405,3029
537022,8468
965383,6121
839453,8145
535842,7237
796155,3873
11085,6575
876207,8683
883220,3928
706067,6489
161386,0
963068,2685
539498,4125
799125,10089
602204,4569
560198,0
845280,6468
318760,4422
241174,3730
61053,6277
585829,8043
430043,6847
789788,4417
696327,6477
290546,13900
199557,0
167382,5596
760267,0
551471,6361
199913,11837
61882,15039
866729,8321
438243,2664
908644,3098
360762,9583
853197,4823
223861,10626
400197,6389
226236,4244
698745,3673
593906,4444
28955,2098
985906,6332
360145,2597
932709,0
887092,6694
99192,6384
352776,0
389124,5686
473836,3866
985523,4763
127111,7483
822238,4323
562553,7040
670389,6611
451515,3953
804688,4702
330756,7858
698518,4849
162906,0
1006245,5696
802967,2257
464587,4758
734459,9656
877687,11142
56614,5438
119853,5878
312414,0
870356,5819
614028,0
577423,0
403653,0
284196,7214
645915,10620
770049,0
826035,6771
108912,5289
17900,10288
562256,9969
78775,5330
557660,5652
810641,2575
297485,7871
945067,5371
169756,6656
536759,5499
671548,8907
929011,0
38936,6492
328858,4374
869248,7522
301127,4404
269937,6409
335726,7090
684174,8226
185502,9880
655087,10623
798200,12679
108523,5868
69081,7816
85963,7425
96318,6817
712239,4859
84950,6322
261830,9079
556985,0
712733,6128
106572,0
43493,3377
562804,2609
726811,0
16234,0
887602,15141
807263,7123
551283,7014
564322,2103
930775,8671
409698,8775
588554,3742
880733,0
437102,9477
180239,6909
331644,4673
676544,3719
815438,6809
545721,11852
437587,4565
850580,5463
427154,7476
176628,7101
532796,4493
798718,8583
843021,4385
147311,8599
176828,5148
385747,9199
798380,9064
913789,0
606279,0
518068,0
286940,11364
383612,14000
787428,4804
595284,6422
906840,0
542007,2761
91585,8746
264209,2406
11811,0
930454,0
382055,4483
311026,9665
683248,4200
16508,3662
112562,3945
36075,0
884387,4319
333326,2761
250395,3871
270970,8248
111792,9717
733929,5440
434655,0
422788,10955
844453,4369
810825,0
434472,0
1005393,8479
961140,0
746971,14483
926097,3846
405446,0
40031,3990
436582,12221
449567,10675
417922,9774
43440,3348
389485,0
837418,7417
278599,2251
191387,3955
525951,4594
194197,6450
387055,6895
389527,0
488664,11004
565200,8416
123891,6392
461167,10444
3577,6519
586401,10127
148158,4170
303289,0
813652,7120
402141,7408
584526,0
804635,4030
969121,4952
54783,0
182791,5537
635381,22280
212152,11144
536306,4115
678717,7007
850497,7426
850775,0
804398,3946
185391,5688
854175,12042
30080,8756
500011,0
901525,3647
110193,0
117459,0
959239,6154
999438,8594
775448,4813
137414,4607
534660,9351
722143,5659
211028,8289
555748,2621
628362,6514
555125,3845
668162,4676
681007,6375
487649,7270
194921,0
999710,7096
102228,5912
240362,3511
619140,3758
496802,14504
41409,9558
102561,4924
904273,0
599183,7287
228757,10058
1011459,6673
907472,9612
973692,0
114639,5668
746575,0
228748,0
745679,7467
43052,3815
347308,0
811959,7031
114647,6582
578967,0
240386,5536
969118,6798
740085,7679
783288,5959
768696,3133
646840,5428
729838,3417
741710,3252
810751,6502
207046,12006
589528,5341
113070,7471
934442,8415
345637,3833
528192,9779
839380,7469
929921,7760
454614,4855
163903,3099
465669,6348
577194,0
636195,6610
590302,8432
406156,4865
361084,8523
789674,5530
344201,5300
32942,9467
677178,6296
920268,3614
429323,7167
555636,2493
927774,18719
951439,5699
155440,5107
414044,2003
125022,3274
343869,0
610615,5931
625973,7998
632794,0
176179,16793
774099,4443
166733,7271
600694,4943
704192,4066
695001,5359
480373,7442
38446,6743
877044,0
74745,6613
86202,5378
92986,11249
170065,0
694954,6312
892366,0
302932,11427
728108,9947
660816,8692
656526,7833
923366,5088
306831,5692
956535,0
735569,6458
233614,6702
983759,0
1001859,4179
733141,4426
13643,5870
697027,7745
147795,6584
795751,3754
189202,1503
740027,6113
439754,10872
457087,8098
758008,0
1522,3561
566473,0
36023,3987
314142,6371
500281,4128
725516,6103
154832,5387
763052,6983
373279,0
478971,0
465141,10288
914152,7243
851099,7655
641661,8800
546643,6471
885971,10904
690575,0
808931,9792
877434,11806
438898,6050
73258,6901
656300,7669
756419,14736
751233,4796
206371,8434
889386,5486
437670,4545
1007808,0
957141,0
843303,12024
162334,5651
4261,3535
399467,0
315829,3815
97456,5938
687010,10996
95253,0
90789,7848
236203,5764
568821,7287
959506,9488
979919,11130
714712,8359
610138,5872
59411,5900
576132,6684
500591,5753
188401,5631
887491,3502
132641,8748
576341,5556
989347,0
1015428,0
426386,12904
590520,7174
197710,3425
316466,8991
499405,0
491816,8595
45261,4398
991732,4145
921245,7755
119273,0
396160,1954
570270,7130
764143,4765
857571,4099
642838,4206
138218,9152
756558,12130
864651,0
358081,8761
1001774,5101
974613,0
54537,6396
455743,5627
115734,3401
862807,5148
849552,5930
58310,9977
148896,3407
340143,7271
857310,8083
419722,1535
973149,0
861846,0
92159,7680
712490,7284
987884,4910
654562,6241
486241,7439
279210,0
997352,9229
128934,0
976772,6340
30070,12135
540831,9306
446016,14541
250493,3526
58757,3555
906134,3059
47418,4542
480722,8072
75603,2943
499128,4076
131594,8327
880998,6720
831569,7333
472081,0
122342,6237
246668,3130
229800,6044
378557,5844
603268,7420
615630,9258
924143,5564
518851,4743
560814,0
443213,0
728020,8412
276089,5307
91386,6297
219360,4298
331800,0
696722,0
881342,7236
214150,7097
289318,0
203667,0
307322,5407
727462,0
645828,13525
36049,4756
722082,0
653017,8821
123968,11835
833452,7455
676575,5374
424654,11540
618722,4704
635999,12989
639381,3034
339856,0
356408,5659
48910,5524
776228,0
310758,9009
878007,9509
230108,4502
984774,8224
506716,4937
832729,7898
921956,6280
293071,7840
265288,5087
786791,3988
593017,8213
675551,6670
350000,12007
14365,5542
288831,0
857189,4983
243595,6095
64424,6711
287787,6495
504707,0
274532,5282
534103,14956
198906,4636
151122,0
52023,9056
964359,6322
942208,15252
529162,4057
364116,0
316485,7862
744893,10400
74889,3824
515271,4820
968437,5339
785129,7843
878459,7837
432592,0
731946,7950
579180,6477
199277,5329
385947,9114
853784,6376
836912,4255
46372,6407
612341,10487
148017,9674
631045,0
699187,15393
26545,4636
254987,6771
1004548,0
316816,0
506480,7528
902846,5558
951665,5271
343058,9278
271897,7106
247310,8763
519789,4054
557008,6375
311646,7800
954481,4619
520175,9136
14435,4719
725152,5640
192279,0
862585,0
213953,5922
480846,9215
88133,5899
297536,7795
805757,3946
605535,7104
277397,7198
224855,6412
493780,4578
900108,4729
768909,3052
908305,5274
223879,10237
490523,3500
197712,4238
873760,12656
843581,4601
607055,8799
470862,4098
107164,0
19812,0
264805,7030
53992,0
109157,6796
910660,6990
153851,5435
229966,6053
219239,0
540948,8795
255414,0
218122,0
430527,4107
423394,7456
442956,4775
185827,8512
478784,10312
800973,3349
440829,8870
192969,11099
802844,4914
506421,0
557709,7861
335312,16583
448818,9393
266903,4290
910160,3842
348159,0
363350,5939
718553,2597
21579,7764
525415,0
863796,7043
200851,5115
833394,0
651841,5646
554358,4806
193185,11138
916169,7653
793764,4562
98910,8211
233552,4609
806295,7782
72716,5337
886118,2425
775817,0
945688,5529
358947,9462
17995,8565
227837,19036
231293,7032
399566,0
40588,7075
486393,9017
539769,4420
784285,3154
151470,9166
900735,4620
465503,0
722319,8376
167455,5211
697043,8495
966683,8987
881995,5303
69168,0
283543,4309
633739,9161
639720,3892
415570,0
774456,7779
749416,5725
468758,5204
157849,5424
176222,7417
357712,5871
701787,6571
820021,0
491822,9335
792064,3209
577282,6211
368431,0
910530,6356
184055,5850
448960,6198
220663,3988
859838,7607
887339,6334
813068,7456
222756,8942
959540,5649
896117,12265
746681,11556
414162,0
682674,3475
242529,13303
626106,3329
889739,4947
240494,3026
743023,6401
683618,0
1131,3206
78995,6295
652593,3775
746041,4846
638429,9661
201337,5899
707742,0
769533,5838
879326,6380
412501,8429
424027,7045
110126,0
553156,0
904505,4639
409513,13947
580778,7125
454921,0
440959,6011
675102,0
432896,8471
322445,10240
922782,5987
871765,0
430052,5940
482420,0
764375,6346
45292,4966
791262,10595
280804,11413
995957,10329
313796,6074
343848,0
248985,5529
928589,0
811637,11414
699477,11772
946221,0
16554,4287
154339,9887
939626,7322
764503,4485
674598,7032
258478,5416
982822,9476
1001664,6448
264357,5257
247208,5454
846888,5929
106299,0
252965,12450
899916,0
387049,6775
635502,16354
71592,4186
383719,8275
610800,7196
216371,0
357709,11693
1008583,2784
804196,5933
989051,5777
303250,4672
804573,7808
759998,3046
923032,0
725290,8008
641042,12031
458793,0
155567,8334
896815,7919
350617,5561
114514,5522
967368,0
80156,2425
460710,3129
160453,4484
433862,6525
716545,11847
708559,4163
478195,13622
876447,0
679411,0
167865,3132
314356,0
609293,4254
865521,6820
208829,3567
547060,0
1007359,3859
466768,4942
728461,2875
991146,8598
935936,11608
802580,0
244575,6766
907256,8458
77176,5523
91170,9936
409954,12897
476247,12216
574041,6424
387733,2273
961736,8097
92925,5637
952578,11361
978123,5359
805594,0
652138,9047
785343,0
398794,4264
131215,6781
866635,5987
651573,5522
194133,0
1016450,6767
489258,5060
270786,3767
562004,8705
606789,5628
671275,7879
551857,5966
474230,4838
291506,5109
670803,5350
294410,6828
570190,7075
874612,0
394258,6215
477227,0
753380,8592
293911,5249
409654,9240
829236,4005
485524,8047
382677,7085
264393,8814
344109,7377
484408,5801
206212,6141
744066,22699
746602,12374
113881,11418
739632,5073
203406,3274
61047,7857
671682,0
340024,0
544989,7032
670828,0
853310,8952
598567,4046
721005,5881
339336,5305
805198,5482
104862,8046
411799,6188
195046,9089
487077,6481
543071,0
426427,0
189353,0
20627,8086
898585,3556
823950,0
923492,3229
12772,4202
260815,0
293544,5795
855118,8296
482081,8010
365065,6722
378566,4911
363145,0
840052,5277
718945,1930
715368,5374
26675,0
955739,4733
133382,7963
41813,4328
871796,7551
362889,3874
102776,6106
200274,6878
165761,0
480088,0
963416,4982
876021,5499
1003554,3532
695754,3046
173886,7649
439400,5547
802081,5678
155717,4591
93157,5065
291501,3539
154677,0
144702,3805
568314,10071
719164,8099
930940,8551
308602,4647
216356,4555
944227,3970
16344,7418
687926,17335
650934,7953
132315,6108
963582,6693
606484,7603
809360,9408
789787,1971
120879,0
344716,5007
998851,5500
484891,10563
905906,2882
943656,4492
609798,4761
777549,7274
140068,0
26790,3226
751783,5947
79153,5396
821953,5125
1013302,0
916951,6246
814867,6085
235427,13129
865498,0
114829,5564
584285,4462
25793,5310
127919,4600
101577,6103
657111,11134
891101,10347
959492,8527
375176,15250
425594,0
248757,4305
467266,15828
198724,4165
875967,0
989392,7173
624484,5270
145646,0
721107,8995
466028,6048
977592,11639
228700,10457
398659,4889
655555,0
356651,4332
197857,3367
248054,5731
566872,0
543710,4403
124548,0
322140,6207
421592,2234
861671,0
258025,4978
844226,5454
616887,5239
733721,6276
666680,0
154813,5696
325476,0
237127,7330
779990,6110
440358,4707
940171,3808
878292,0
207282,0
200812,6777
446222,2569
885331,0
311704,4754
682896,4836
688358,20757
826656,7227
364992,0
307414,8297
998933,4860
357007,9093
776098,4057
686286,8282
635101,0
526557,11084
675814,1981
553799,6442
625006,5258
909532,3354
992324,2860
279626,8889
923281,3237
398003,7404
534554,10952
144113,6104
152252,7317
570841,10283
158894,3521
114395,3915
243047,4222
104719,5222
171422,5704
725766,6094
662257,6653
872136,0
607199,0
738736,0
980571,11055
18560,7643
180602,7283
529555,4140
373193,5716
877779,14056
288245,0
148514,6813
867483,6725
175397,7938
740652,5767
487333,6994
433927,7400
902559,7690
861579,3294
68289,7440
723273,2489
962822,2784
326501,7251
995031,9302
741642,11554
492360,3840
484388,0
401219,0
858700,10829
889950,7644
302937,7320
192482,8013
756491,18520
129215,5265
637124,4302
683903,2906
39374,6286
493805,5231
672383,0
690437,3025
289960,7099
31588,9363
727962,12531
96173,10858
567964,5037
282690,9885
996203,9458
1238,6252
110174,5657
694312,9278
441554,8810
730837,4929
917875,8935
718163,3955
103636,0
553297,992
1011146,3478
333118,6881
450237,8363
212457,3662
246208,0
564351,4570
200566,5104
261545,6658
806032,3409
205235,5452
748147,4921
702667,4406
359281,9645
289892,0
64862,7056
298543,4699
933314,4222
678650,13950
970350,0
231438,7484
770545,11058
656475,13154
975635,8221
622804,9557
516247,0
999110,0
289680,8500
262014,4567
219203,2816
821428,5600
313447,4760
843420,11020
665378,7109
73322,6203
657453,0
930222,6811
399638,6390
244200,8384
904016,0
683883,6797
366903,4427
416904,3948
483549,3184
697890,0
386350,6544
14232,5892
194167,10906
403130,5706
346263,0
896019,6254
29480,8482
892745,4770
195123,6720
212734,4713
884990,7121
385324,9664
445090,0
272814,0
249991,0
298562,9591
338260,10047
249060,3541
849085,9580
186597,0
594076,6878
839613,0
1016039,22000
862977,0
152786,0
452093,6458
14426,7240
577549,0
259051,6537
650783,1807
190132,2556
493223,4732
934356,5394
393373,11787
924810,9655
580532,0
58031,11611
1008092,3966
934098,5838
74349,0
548264,5549
220120,7682
452074,9859
739537,6427
85879,5508
436175,5592
954350,5570
7845,4950
912714,0
316061,8950
860344,5385
131095,5867
258353,4924
822837,10790
16101,0
166803,6122
469941,5566
110745,6223
981233,3652
111221,8355
331445,4314
805864,5703
928910,9847
360621,3066
561699,15082
960365,13783
287394,0
909188,5989
81762,9042
674275,8791
578780,5061
616322,6239
376995,7475
609553,5235
325652,10294
592158,6756
748067,7547
230516,4030
100860,9066
542751,11674
450673,9662
898025,0
416637,4395
874574,7285
557006,0
473355,9512
406587,5013
741385,6490
355698,10288
84032,3715
58151,9864
783103,8288
442418,0
557053,5493
378730,3269
969388,4399
508918,0
744993,6148
369213,3085
657805,7075
199099,3391
334092,0
535633,0
591185,3150
826053,5988
845893,6203
574136,4839
192226,8275
404577,10027
662386,6240
979669,3852
774210,3968
315331,3492
591858,6411
402247,5470
381057,2973
950071,6457
522961,7633
536592,6789
688518,16882
208297,5882
549182,7764
935793,13160
793605,7301
132232,6910
28609,0
388304,5175
559441,0
474367,2933
798822,6523
404657,13284
755335,8568
599480,0
325973,0
722870,0
503302,10964
614069,4962
756373,0
668672,10842
48190,5505
377813,5051
982325,2630
1012140,0
248543,5921
65675,0
986883,9509
933567,0
748097,7376
29819,0
426445,14792
506002,6793
831259,12721
494368,0
297421,0
553160,2588
112430,7099
398789,0
867137,5149
188959,5734
981033,3724
855139,6573
652189,4271
106524,2255
684608,10985
300929,9307
514087,5154
938321,5876
13726,5646
531404,0
180260,8555
433236,6702
40616,0
883995,4387
185417,6941
252053,7392
131072,0
933663,7299
905525,8416
91838,0
958754,9246
881573,8439
198179,3009
850989,6674
882557,7049
676056,2977
732987,7665
679581,0
642831,5579
816596,5923
437169,9510
725194,15608
815068,8442
182393,0
611349,9792
697147,7411
465432,11168
993560,6617
597221,3930
196199,6370
381270,0
508323,2548
955081,2919
67269,6664
951530,8821
675452,0
384841,6320
358973,10588
761179,7167
244376,9269
880809,0
625084,13327
100976,7522
383826,8250
882391,6031
457963,8315
826870,4615
387268,1462
502441,0
218467,7063
147292,0
827939,0
873775,0
945352,5934
24627,11202
443882,0
645989,4749
773505,8280
245537,10167
820103,4897
279659,7767
636912,0
517982,4033
50710,7208
947005,8843
1009073,2581
468287,4469
121255,5649
931084,0
346217,19352
539898,0
432768,4909
363642,6261
10398,6205
483413,7222
677363,8020
882384,9638
581660,4550
930879,5782
106363,3617
597194,3470
426661,6206
955778,6870
622360,11652
378689,0
747030,10338
757870,6929
912136,0
79692,5318
519743,3077
453938,0
369913,3511
859445,6318
439026,0
777076,9064
879295,6621
37398,4268
596790,5473
286909,11409
183892,0
725043,5877
725334,11084
427859,9509
895028,9573
883797,3465
357513,7172
909724,4858
291933,4398
293998,8235
138946,5567
294745,5292
835179,10443
847092,5068
520740,8857
531979,0
800110,7089
964510,7720
339939,3454
24195,7010
12742,4356
807406,7063
986594,5870
379054,11411
83065,4863
52765,4373
361602,11423
606996,7107
724577,5199
861596,4350
850317,7173
319503,6747
169765,4166
692770,6936
798398,0
698051,0
966202,0
1005789,4698
855593,5834
490497,0
735433,9536
535230,0
778,3661
951987,10011
727031,8335
74959,3952
203393,5992
531024,2682
417166,9277
832598,8070
666980,14576
784983,8314
215759,7869
704784,4441
214132,9908
402305,0
648065,5286
203121,4659
109550,1885
139558,6735
730444,4028
370757,4137
578931,4205
790880,8193
111187,8395
354615,11711
829984,15055
211479,0
172868,15719
659550,5919
575394,5157
113063,3881
366562,6243
148818,3071
266644,4463
710778,0
26456,7500
432909,8226
451127,0
728716,0
405380,9979
104949,8382
351144,0
309123,6274
391340,6565
708022,4901
985814,9364
867236,0
711267,6780
893654,7263
400865,5066
877521,9893
993772,14670
964274,10377
277626,6148
233093,9260
556790,8035
40013,4530
513525,7791
638774,5297
607031,6238
636836,6286
105334,7378
891064,5787
443249,2625
155888,10702
942634,6187
674571,7863
361245,8452
271755,0
305085,17406
997357,0
545965,0
734441,11207
781390,0
23691,4946
806203,5874
459295,4966
514947,6052
512701,4000
86615,4104
502975,5681
624623,6972
371437,0
807954,6350
609487,3353
334419,2512
786984,3622
79208,7621
63650,4806
149159,2692
600870,4999
286242,4263
227993,18677
951961,6978
862936,8291
710197,6191
81710,9230
729286,3639
183863,5802
454633,5731
333795,5668
806909,4823
818112,10192
612055,7280
297051,6732
415616,5073
893540,6027
84579,4902
117234,7027
531307,4383
720085,6526
150019,4314
77287,7483
506962,5155
961109,4062
815466,10753
183565,4606
453187,6778
992037,4250
255086,5297
410868,4620
442987,3391
901795,4360
311201,10215
40706,0
546424,9296
377506,7173
845305,13556
657886,7889
971499,2244
888995,9944
305120,10824
291228,4293
11767,5786
70244,8143
338592,0
626835,3935
780655,9151
673985,0
445328,0
27888,0
735697,7571
685459,7230
750268,9421
193912,0
891641,0
667112,13281
186022,0
200012,0
905278,0
145065,5476
894662,9355
1003623,4906
809327,0
684305,4420
905851,6537
68832,0
84320,6077
890453,8364
23531,5637
378286,5418
745665,6503
654935,0
848988,10131
254897,4815
774482,9253
600394,0
92710,9045
488026,12019
978796,7191
574688,5874
41272,3452
908368,7846
634581,9297
598265,0
154119,5945
702565,3392
565533,6580
557859,5883
683134,5038
760482,4036
1001154,7361
770285,6138
511431,6241
516920,3450
84018,3065
763881,0
847061,5477
543388,4272
857932,5944
60996,4683
852671,9515
898440,3532
819341,10723
25942,11457
529729,5432
876304,5105
532823,4763
46908,5235
507639,5305
175790,7423
48544,8958
822225,3546
1005181,9394
814476,9785
264152,0
743748,25650
111666,13069
625803,6506
679952,15515
9340,4623
85876,5170
263434,5940
294521,7130
246791,4731
718417,3723
834044,6013
471272,8909
272141,8805
946734,8408
664565,0
476687,20045
49875,0
177374,5673
1016888,0
971287,4921
267484,7324
830843,0
875809,5118
816580,6766
91811,7308
591699,0
831724,14373
600853,0
345723,3032
630743,4425
465171,8575
67613,3655
438563,6109
426999,9532
54931,5001
737579,6323
830808,0
979699,3917
49798,0
341830,15032
30686,7190
849907,7205
286048,3470
767434,12510
194298,7262
900247,8279
225964,0
625936,5518
277751,6099
128215,8988
222948,9017
970332,10635
574565,6812
397360,0
595419,3398
477784,9050
219643,5348
983622,6444
604990,0
390834,5318
626569,2906
787940,7468
350761,5843
367754,10893
696553,0
780545,10214
835985,4307
165437,4825
827342,7164
946349,7312
893309,4941
985796,3404
1014660,6079
303705,3899
175846,13886
62541,7570
270640,6674
910587,0
53126,6023
761922,5805
223596,8597
89708,4160
127148,0
358142,4636
367569,6638
263970,0
572366,6076
447816,0
516739,3904
120419,10582
143274,7390
941544,12798
645617,8097
388683,6871
903949,5084
374507,10531
825011,0
700323,13337
1011667,0
68625,0
639017,5042
970279,8942
911101,8432
69270,6738
933516,8642
219001,0
586839,0
619077,3965
132449,6440
478820,0
118651,5374
65990,4094
439024,4026
48244,2902
308033,3992
273506,4849
59730,4726
817631,2314
659464,5556
702756,4502
142907,8421
841781,3439
706216,9198
134487,4834
913041,4287
308901,5659
874408,5145
637465,3705
640923,12348
240481,4156
712218,4317
174083,0
238749,0
861213,5317
398309,0
1003979,11314
802903,0
920117,4833
199069,4113
115917,5375
296632,7285
696952,7598
257981,4405
799508,0
440230,4963
7337,5928
411809,0
655462,6344
627434,6904
247105,9206
399319,3042
883000,2209
665625,8126
144409,8021
592678,7498
213074,6705
648274,12341
347005,12389
30472,10490
96844,9772
981280,2233
26913,4527
506846,5648
506270,6970
487206,8028
601440,2131
529586,4458
647009,0
85180,8706
244590,0
256093,6539
465283,6541
115807,6465
245382,10266
487151,9446
345408,4241
341155,9278
36741,4868
218227,0
483037,8870
855130,8397
655451,7454
169718,3151
1011208,0
47017,8762
152479,5355
341290,0
796423,0
767409,0
980194,13359
991178,6716
591591,6190
728339,4230
702790,0
613621,6354
421500,0
435171,0
481571,10026
98123,14519
860951,7915
689270,0
125068,6800
843,5514
800791,3493
166996,0
29614,9807
819373,4007
836256,3536
993501,9691
804448,4402
493385,5579
364753,18679
344976,0
3659,7287
811970,10407
656191,6490
182242,6419
957002,6921
136696,5501
535910,6000
1006748,6095
863525,5437
391341,0
812458,10054
477547,6323
812103,13773
36471,3182
512480,15665
969848,3413
961260,3903
766168,2286
734064,3823
348124,0
315645,4409
602358,7884
827542,5264
241441,5489
647735,8213
394383,3542
561602,0
1009825,5207
261578,0
515182,7621
419092,1374
989222,4509
770974,10756
984568,5683
531291,4252
616945,0
84770,4475
94319,11991
716303,15424
927792,12553
175620,8757
300689,5826
714011,5126
151482,9908
335997,0
587208,13069
47805,4930
693582,0
643175,0
883774,1156
504264,10102
721103,10940
534996,8125
229481,2750
876324,7221
331675,3072
786363,6111
374311,9695
374968,8101
378494,5670
596752,0
227671,21477
650858,11383
818329,5106
630113,5313
415225,5610
741224,6942
191806,9118
346192,15280
473841,3810
231033,7372
218815,0
130734,10967
952284,6625
898667,5283
808674,7938
799419,5372
304567,15004
633629,8889
812183,7956
189390,4489
316057,8234
768494,4527
508434,4362
500111,6279
613544,5133
919027,4802
245695,11629
268193,8767
464980,12160
332973,7668
328500,7031
10955,0
231818,7046
47665,5249
285893,4267
390558,0
801455,3470
506913,5942
670437,4188
751583,6193
180099,7103
1006821,3915
452710,7644
929259,7043
164468,7374
633527,7362
613516,4771
797156,3591
203804,4392
626564,8129
50525,6489
348209,5642
387467,1687
159716,0
709206,0
399432,8010
7675,6976
481786,6796
312397,8432
514803,7133
259676,8473
545760,10586
456734,6235
618079,9284
80126,4799
660531,0
663610,7905
778451,4660
256964,8666
890864,3436
584229,5408
316196,9183
985888,3002
277580,4138
667761,0
494660,4486
860486,4220
372705,0
325781,10052
805091,4912
130837,0
834634,7330
714471,6385
215614,0
27118,3337
182373,5671
451536,6156
622292,0
875046,0
271166,5250
986219,0
175687,0
774850,0
181776,4246
502527,11178
588747,6042
564764,8868
685655,12071
617817,0
424940,3841
481707,7028
275188,0
984394,7325
892112,4891
882077,8291
966793,5489
779292,0
436169,0
664088,8060
934482,6868
144377,0
257997,4552
632169,5888
723032,1922
440700,0
334050,0
710451,9979
517787,0
925585,6721
653645,8073
213297,7074
70599,0
281325,0
572520,7477
503609,5444
944192,9550
772936,9820
122079,3994
651228,5857
114902,7876
288287,8301
990035,7095
754110,4264
292558,1680
98715,6241
821894,5203
303447,7486
681551,6634
80606,5891
952055,6641
682321,0
19337,7184
731245,5039
428943,5119
678458,4732
779046,4546
938286,6457
531572,4100
972483,11269
144286,6479
302911,8542
252118,8447
984002,9839
163982,7597
490863,3380
557601,6739
447451,5644
64355,7314
257802,5915
188287,1970
134957,4698
314621,9281
960962,6488
459802,0
566117,7486
547157,4149
192702,11794
405632,8519
732931,4927
420379,3389
937582,4957
827152,6724
579692,7058
596747,5573
267792,4538
68058,5434
1001252,7528
263634,0
199778,5939
335587,5062
497030,16174
198288,4493
119850,6024
658094,6399
133728,0
817597,2917
161086,9145
231383,7541
582834,7911
53312,0
60934,8428
829488,0
475187,0
445247,3204
82305,3568
316857,9301
897633,0
588381,0
48785,9074
267465,0
423367,8300
969052,3802
847340,7388
660739,18863
9541,12243
849230,8187
263692,8903
800748,5838
526989,9383
874730,9484
993120,11407
569287,7225
408145,12869
377764,6045
980708,10805
300147,4589
345150,5753
76465,9802
871101,3282
531362,4305
436163,4890
557081,4725
110835,8129
928067,10256
600008,12693
933405,6238
722185,7617
480961,9357
917518,4853
705177,5451
293792,5009
216045,0
508731,3000
326539,5840
674526,7329
469194,0
349296,19362
985212,10975
985831,4747
502846,9562
779151,4631
907179,0
404248,7355
472057,6008
849184,4457
194152,6639
773968,5895
793405,6094
84307,3937
201923,5921
718696,3252
617366,12876
639070,3396
916193,0
545112,4693
504770,0
372298,3319
222649,5500
239833,4828
187240,19014
814102,5588
553916,2913
778339,7567
88184,4204
95206,5315
95403,5506
776803,9615
968224,11234
466160,5303
426587,5318
860773,3577
755900,0
900181,10460
607379,10891
499542,4143
834121,5421
161404,7171
675334,7305
863510,5750
323831,5041
732381,4655
427881,16747
645740,10608
408422,8282
734285,0
962558,4065
49299,6218
957417,8549
170089,4820
119599,0
552143,5596
903022,0
109136,5372
907456,0
1003679,5623
112717,4698
56910,7988
577198,6533
506434,10286
217640,5059
56650,7872
552454,5315
513505,0
687120,0
582131,4540
1003685,5918
322921,7352
957763,4461
700873,0
562597,8122
622849,5740
197530,3595
866789,6275
470983,6675
25986,7922
319504,7733
129029,5099
206126,7401
408561,7971
663836,10292
662211,3959
571954,6027
810574,4547
634473,12042
59462,6670
153109,7690
202332,7590
176430,4178
123362,10044
969170,4543
526630,8546
107926,6319
601125,3804
599918,0
228456,10234
930864,8535
162858,7336
530725,0
753982,2790
1006390,3685
237429,21554
143636,8250
613196,7097
141146,11636
180092,0
831041,5171
668619,4206
547208,0
264784,6150
232648,17142
46663,7034
661329,4530
61742,12955
558089,7929
335239,6738
178610,8045
782912,7526
472412,0
8556,0
874525,5264
258398,7079
134204,0
936462,11045
805387,5253
295041,4275
830026,13576
666517,11682
33916,5978
880854,4541
874330,5114
591378,2529
296450,5971
182081,4845
700411,9443
719295,6653
525313,5950
399441,8596
637245,0
43114,2750
951303,6412
736805,7538
831910,11945
522753,7113
941477,12141
615507,7648
942116,15416
97023,7612
673355,5033
900168,0
711032,4252
172873,10493
416018,0
538729,6754
621538,8862
964104,0
658228,4596
318765,7900
921695,12101
594098,4289
999382,5203
264497,5082
160208,4698
400290,8230
451738,5579
22580,10903
227339,0
860765,2599
584800,3363
945318,6975
128116,4078
170715,10799
169555,4075
310928,0
27461,5097
594456,4023
151625,9310
152721,0
1010670,0
184332,3820
409914,10662
671034,5169
56401,6327
692528,7044
997719,4101
733883,6115
26034,7949
545272,4732
582605,9370
672677,9704
364240,4378
989456,8840
444617,0
603241,10913
74955,0
263521,6753
309026,6662
820169,8002
611931,8242
930163,0
648052,5464
495435,20839
1016528,7441
885495,7169
135226,7390
283683,4996
131645,6974
304822,11608
238007,24384
727950,7984
141053,8994
499068,3835
332994,4814
579461,6092
989157,10590
788737,6022
909134,5358
528944,15247
515414,5589
721001,4846
339080,11547
407880,0
1004926,6147
87429,10486
943591,0
623624,0
239731,8721
932264,6162
282354,6261
28124,5873
313629,5275
724082,5900
335477,6857
547894,4670
255365,6017
750258,6120
577212,7775
693827,4123
546759,7953
568040,10271
571583,6109
618742,3317
29668,8426
240950,4376
819416,3449
736506,12668
266958,2199
641850,11386
144525,5974
788188,5178
909110,5086
440331,7394
771461,4662
997828,0
188132,1818
410287,3940
122617,6105
907705,0
294300,4475
185064,5232
186433,3788
656341,8932
596951,4337
594841,4005
688071,14211
792024,4443
888538,4782
272263,6550
177206,5664
503513,0
675163,6230
631233,13401
117211,9228
305291,10163
222550,0
447845,7006
515494,4170
504855,3827
275200,4817
756470,14286
715593,0
512048,17304
922272,5304
251745,5338
798149,0
254814,4546
991080,7686
856744,6375
600052,3455
629444,6413
436399,10463
378523,4836
316121,0
644964,0
451736,0
723203,2972
434433,5657
757849,5156
883700,685
494116,4880
911298,9703
569582,6226
976840,0
156896,6921
363347,4368
925532,0
51702,23370
920925,6269
138633,4687
1009685,6706
730197,4501
872657,3998
16051,12407
461988,10931
827490,0
702509,4360
17767,8608
153036,6450
680791,4953
365627,3222
893524,13217
754254,0
901563,4774
851168,6145
973349,0
490042,0
896124,9389
764520,6429
911873,5326
441249,8831
489419,5853
564260,3605
351755,7315
23121,11121
298782,7807
143791,7051
991330,6442
314414,7323
403680,4097
238225,18095
843918,5320
558403,6821
200464,0
162785,8998
517218,4547
197852,4003
213433,0
411660,3936
361922,8458
156780,8797
14616,0
275972,0
516654,7054
564983,0
567067,4086
399335,0
65276,0
538158,3897
784952,4054
438605,7995
354739,8273
890043,6349
918157,5880
163578,9772
343841,0
891223,7770
633940,7983
189273,4033
427335,17299
962029,5860
34894,6723
268010,8900
755509,3459
188096,2581
611775,8494
777233,0
980491,10851
545140,5220
372433,3848
726927,6422
236140,6044
1009924,0
687957,0
92349,12222
497176,14522
96560,6967
922738,4876
989072,6209
951256,0
696151,9457
73334,6440
65222,0
9778,7700
214990,6320
911021,0
334384,3345
152279,6716
566913,6199
219493,5005
529787,3673
16782,5362
307712,11438
904779,5694
36988,6129
159630,5607
481721,7743
107388,0
937217,5045
284472,5594
222397,8035
279532,0
563531,5069
77939,4606
1007896,2541
828943,6982
682066,2590
799257,4779
695474,4107
205021,4224
588120,4563
535953,5020
673176,0
121903,5023
224647,7179
888166,13178
637763,0
387581,4545
719945,8718
204695,4966
